Albania;31.849999999999998;1987
Albania;32.46;1988
Albania;33.4;1989
Albania;18.000000000000004;1992
Albania;32.56;1993
Albania;32.18000000000001;1994
Albania;40.550000000000004;1995
Albania;43.62;1996
Albania;77.43;1997
Albania;66.52;1998
Albania;69.81;1999
Albania;30.699999999999996;2000
Albania;50.61999999999999;2001
Albania;62.510000000000005;2002
Albania;58.60000000000001;2003
Albania;65.39;2004
Albania;0.0;2005
Albania;0.0;2006
Albania;65.85;2007
Albania;71.05000000000001;2008
Albania;0.0;2009
Albania;41.66;2010
Antigua and Barbuda;0.0;1985
Antigua and Barbuda;0.0;1986
Antigua and Barbuda;0.0;1987
Antigua and Barbuda;0.0;1988
Antigua and Barbuda;0.0;1989
Antigua and Barbuda;17.24;1990
Antigua and Barbuda;0.0;1991
Antigua and Barbuda;0.0;1992
Antigua and Barbuda;15.0;1993
Antigua and Barbuda;0.0;1994
Antigua and Barbuda;0.0;1995
Antigua and Barbuda;0.0;1998
Antigua and Barbuda;0.0;1999
Antigua and Barbuda;39.97;2000
Antigua and Barbuda;19.45;2001
Antigua and Barbuda;0.0;2002
Antigua and Barbuda;27.82;2003
Antigua and Barbuda;36.06;2004
Antigua and Barbuda;0.0;2005
Antigua and Barbuda;0.0;2006
Antigua and Barbuda;7.98;2007
Antigua and Barbuda;0.0;2008
Antigua and Barbuda;0.0;2009
Antigua and Barbuda;0.0;2012
Antigua and Barbuda;0.0;2013
Antigua and Barbuda;0.0;2014
Antigua and Barbuda;15.62;2015
Argentina;134.47000000000003;1985
Argentina;152.90000000000003;1986
Argentina;144.98;1987
Argentina;146.24;1988
Argentina;138.93;1989
Argentina;134.89999999999998;1990
Argentina;119.23999999999998;1991
Argentina;126.86000000000003;1992
Argentina;134.77;1993
Argentina;122.05;1994
Argentina;119.97;1995
Argentina;118.03;1996
Argentina;111.39999999999998;1997
Argentina;116.92999999999998;1998
Argentina;117.19;1999
Argentina;131.39;2000
Argentina;143.55999999999997;2001
Argentina;139.42;2002
Argentina;146.29;2003
Argentina;131.05999999999997;2004
Argentina;128.18;2005
Argentina;128.21999999999997;2006
Argentina;118.35000000000004;2007
Argentina;118.10999999999999;2008
Argentina;107.32000000000001;2009
Argentina;111.24000000000001;2010
Argentina;105.86999999999998;2011
Argentina;119.81999999999998;2012
Argentina;103.42;2013
Argentina;111.35;2014
Argentina;112.13000000000001;2015
Armenia;41.12;1990
Armenia;45.87000000000001;1991
Armenia;40.86000000000001;1992
Armenia;51.050000000000004;1993
Armenia;66.73;1994
Armenia;51.78999999999999;1995
Armenia;37.050000000000004;1996
Armenia;32.23;1997
Armenia;27.419999999999998;1998
Armenia;24.68;1999
Armenia;34.300000000000004;2000
Armenia;29.78;2001
Armenia;38.070000000000014;2002
Armenia;33.43000000000001;2003
Armenia;43.67;2006
Armenia;39.019999999999996;2007
Armenia;35.15;2008
Armenia;33.7;2009
Armenia;40.41000000000001;2010
Armenia;32.980000000000004;2011
Armenia;36.57000000000001;2012
Armenia;37.480000000000004;2013
Armenia;37.00999999999999;2014
Armenia;45.28;2015
Armenia;40.56000000000001;2016
Aruba;308.51;1995
Aruba;115.47000000000001;1999
Aruba;305.33;2000
Aruba;27.28;2001
Aruba;126.46000000000002;2002
Aruba;12.93;2003
Aruba;176.71999999999997;2004
Aruba;99.57999999999998;2005
Aruba;96.31;2006
Aruba;92.19000000000001;2007
Aruba;41.440000000000005;2008
Aruba;42.230000000000004;2009
Aruba;58.65;2010
Aruba;93.42;2011
Australia;163.41;1985
Australia;175.79000000000002;1986
Australia;188.82000000000005;1987
Australia;179.32;1988
Australia;168.11;1989
Australia;172.34999999999997;1990
Australia;180.15000000000003;1991
Australia;170.64000000000004;1992
Australia;154.94999999999996;1993
Australia;167.75;1994
Australia;155.19;1995
Australia;175.33999999999997;1996
Australia;186.93000000000006;1997
Australia;176.41000000000003;1998
Australia;167.14999999999998;1999
Australia;157.82000000000005;2000
Australia;158.79000000000002;2001
Australia;144.68;2002
Australia;133.84;2003
Australia;133.76000000000002;2004
Australia;127.89000000000001;2006
Australia;130.25;2007
Australia;130.48999999999998;2008
Australia;130.12;2009
Australia;132.64000000000001;2010
Australia;133.21999999999997;2011
Australia;139.57;2012
Australia;138.78;2013
Australia;149.07;2014
Australia;154.18000000000004;2015
Austria;384.81;1985
Austria;401.79999999999995;1986
Austria;405.88;1987
Austria;357.64;1988
Austria;359.32;1989
Austria;353.78;1990
Austria;355.4700000000001;1991
Austria;341.74000000000007;1992
Austria;347.9599999999999;1993
Austria;343.61999999999995;1994
Austria;348.0899999999999;1995
Austria;342.65;1996
Austria;297.5000000000001;1997
Austria;289.38;1998
Austria;280.3;1999
Austria;289.77;2000
Austria;261.90999999999997;2001
Austria;276.92;2002
Austria;257.06;2003
Austria;254.04;2004
Austria;235.24999999999997;2005
Austria;218.89999999999995;2006
Austria;217.31;2007
Austria;216.45000000000002;2008
Austria;213.22;2009
Austria;207.55000000000004;2010
Austria;211.49;2011
Austria;206.63;2012
Austria;212.12;2013
Austria;209.81999999999996;2014
Austria;194.62;2015
Austria;183.23;2016
Azerbaijan;24.609999999999996;1990
Azerbaijan;32.230000000000004;1991
Azerbaijan;34.78000000000001;1992
Azerbaijan;31.519999999999996;1993
Azerbaijan;12.040000000000001;1994
Azerbaijan;14.280000000000001;1995
Azerbaijan;17.830000000000002;1996
Azerbaijan;18.59;1997
Azerbaijan;10.669999999999998;1998
Azerbaijan;8.58;1999
Azerbaijan;14.410000000000002;2000
Azerbaijan;60.050000000000004;2001
Azerbaijan;19.419999999999998;2002
Azerbaijan;27.07;2003
Azerbaijan;18.33;2004
Azerbaijan;11.830000000000002;2007
Bahamas;4.76;1985
Bahamas;13.59;1987
Bahamas;37.51;1993
Bahamas;10.6;1994
Bahamas;7.16;1995
Bahamas;9.82;1996
Bahamas;7.15;1997
Bahamas;11.09;1998
Bahamas;22.959999999999997;1999
Bahamas;40.660000000000004;2000
Bahamas;2.68;2001
Bahamas;9.969999999999999;2002
Bahamas;2.49;2003
Bahamas;5.93;2004
Bahamas;13.32;2005
Bahamas;5.640000000000001;2006
Bahamas;13.420000000000002;2007
Bahamas;12.490000000000002;2008
Bahamas;15.98;2009
Bahamas;58.32;2010
Bahamas;12.989999999999998;2011
Bahamas;11.84;2012
Bahamas;13.91;2013
Bahrain;20.119999999999997;1985
Bahrain;25.680000000000003;1987
Bahrain;24.8;1988
Bahrain;0.0;1997
Bahrain;0.0;1998
Bahrain;22.459999999999997;1999
Bahrain;32.73;2000
Bahrain;30.659999999999993;2001
Bahrain;27.68;2002
Bahrain;32.39;2003
Bahrain;54.21000000000001;2004
Bahrain;40.22;2005
Bahrain;27.18;2006
Bahrain;32.09;2007
Bahrain;27.89;2008
Bahrain;24.59;2009
Bahrain;11.89;2010
Bahrain;14.96;2011
Bahrain;8.68;2012
Bahrain;2.49;2013
Bahrain;6.5200000000000005;2014
Barbados;61.72;1985
Barbados;36.73;1986
Barbados;29.46;1987
Barbados;57.39;1988
Barbados;73.58;1989
Barbados;121.22999999999999;1990
Barbados;76.92999999999999;1991
Barbados;63.53000000000001;1992
Barbados;90.93;1993
Barbados;67.08;1994
Barbados;72.28999999999999;1995
Barbados;37.13;2000
Barbados;8.65;2001
Barbados;0.0;2002
Barbados;0.0;2003
Barbados;7.79;2004
Barbados;2.58;2005
Barbados;45.38;2006
Barbados;0.0;2007
Barbados;2.31;2008
Barbados;28.799999999999997;2009
Barbados;7.62;2010
Barbados;0.0;2011
Barbados;0.0;2012
Barbados;0.0;2013
Belarus;274.37;1990
Belarus;297.64000000000004;1991
Belarus;314.24000000000007;1992
Belarus;365.11;1993
Belarus;403.58;1994
Belarus;404.00999999999993;1995
Belarus;455.7099999999999;1996
Belarus;446.49999999999994;1997
Belarus;455.64;1998
Belarus;450.36;1999
Belarus;447.3;2000
Belarus;419.6500000000001;2001
Belarus;410.99999999999994;2002
Belarus;444.86;2003
Belarus;355.89000000000004;2007
Belarus;352.15999999999997;2008
Belarus;375.53999999999996;2009
Belarus;331.97999999999996;2010
Belarus;299.36;2011
Belarus;273.32;2013
Belarus;252.90999999999997;2014
Belgium;332.04;1985
Belgium;314.69;1986
Belgium;327.76;1987
Belgium;283.79999999999995;1988
Belgium;284.8499999999999;1989
Belgium;277.10999999999996;1990
Belgium;264.02;1991
Belgium;265.88;1992
Belgium;300.46999999999997;1993
Belgium;300.40000000000003;1994
Belgium;285.90000000000003;1995
Belgium;267.54;1996
Belgium;284.73999999999995;1997
Belgium;264.73999999999995;1998
Belgium;230.70000000000002;1999
Belgium;267.8;2000
Belgium;261.22;2001
Belgium;247.85999999999999;2002
Belgium;248.72999999999996;2003
Belgium;231.06000000000003;2004
Belgium;231.75000000000003;2005
Belgium;214.89999999999998;2006
Belgium;208.56999999999996;2007
Belgium;221.54000000000002;2008
Belgium;218.35000000000002;2009
Belgium;220.18;2010
Belgium;226.70999999999998;2011
Belgium;217.13;2012
Belgium;201.55000000000004;2013
Belgium;201.85000000000002;2014
Belgium;196.66;2015
Belize;19.369999999999997;1986
Belize;31.41;1987
Belize;5.16;1989
Belize;29.7;1990
Belize;23.93;1991
Belize;6.49;1993
Belize;164.73000000000002;1994
Belize;143.96999999999997;1995
Belize;61.290000000000006;1996
Belize;5.77;1997
Belize;81.77999999999999;1998
Belize;83.71999999999998;1999
Belize;160.80000000000004;2000
Belize;151.7;2001
Belize;69.62;2002
Belize;59.00000000000001;2003
Belize;117.38;2004
Belize;46.1;2005
Belize;37.92000000000001;2006
Belize;78.49;2007
Belize;86.36000000000001;2008
Belize;57.76;2009
Belize;61.47999999999999;2010
Belize;153.3;2011
Belize;73.44999999999999;2012
Belize;56.400000000000006;2013
Belize;90.95;2014
Belize;135.46;2015
Bosnia and Herzegovina;1.31;2011
Bosnia and Herzegovina;109.5;2014
Brazil;59.18;1985
Brazil;57.16000000000001;1986
Brazil;70.11999999999999;1987
Brazil;65.36000000000001;1988
Brazil;64.02;1989
Brazil;67.05999999999999;1990
Brazil;68.34000000000002;1991
Brazil;64.92;1992
Brazil;67.86;1993
Brazil;71.51;1994
Brazil;75.23999999999998;1995
Brazil;73.33;1996
Brazil;76.80000000000001;1997
Brazil;75.05;1998
Brazil;67.64999999999999;1999
Brazil;68.22999999999999;2000
Brazil;73.49000000000001;2001
Brazil;69.77;2002
Brazil;68.07000000000001;2003
Brazil;70.22;2004
Brazil;73.60000000000001;2005
Brazil;69.89999999999999;2006
Brazil;71.67999999999999;2007
Brazil;72.21000000000001;2008
Brazil;70.37;2009
Brazil;72.73;2010
Brazil;72.41000000000001;2011
Brazil;74.45000000000002;2012
Brazil;73.41000000000001;2013
Brazil;73.13000000000001;2014
Brazil;77.45;2015
Bulgaria;303.11999999999995;1985
Bulgaria;275.48;1986
Bulgaria;308.3999999999999;1987
Bulgaria;292.49000000000007;1988
Bulgaria;292.19;1989
Bulgaria;256.43;1990
Bulgaria;268.94;1991
Bulgaria;310.5999999999999;1992
Bulgaria;278.36000000000007;1993
Bulgaria;288.39;1994
Bulgaria;277.85;1995
Bulgaria;296.20000000000005;1996
Bulgaria;276.36;1997
Bulgaria;304.61;1998
Bulgaria;250.70999999999998;1999
Bulgaria;259.22;2000
Bulgaria;244.62;2001
Bulgaria;247.35;2002
Bulgaria;207.65;2003
Bulgaria;184.11999999999998;2004
Bulgaria;178.06;2005
Bulgaria;186.53;2006
Bulgaria;173.77;2007
Bulgaria;170.34;2008
Bulgaria;154.42;2009
Bulgaria;158.25000000000006;2010
Bulgaria;133.51999999999998;2011
Bulgaria;164.17;2012
Bulgaria;134.16000000000003;2013
Bulgaria;139.77;2014
Cabo Verde;133.84;2011
Canada;166.46;1985
Canada;190.10999999999999;1986
Canada;179.32999999999998;1987
Canada;175.38;1988
Canada;170.98;1989
Canada;165.01999999999995;1990
Canada;167.78000000000003;1991
Canada;163.6;1992
Canada;164.01999999999998;1993
Canada;161.91000000000003;1994
Canada;163.52;1995
Canada;162.89000000000001;1996
Canada;151.43000000000004;1997
Canada;150.12;1998
Canada;158.44000000000003;1999
Canada;139.00000000000003;2000
Canada;137.43;2001
Canada;137.73000000000002;2002
Canada;137.27;2003
Canada;131.66;2004
Canada;133.84;2005
Canada;126.42999999999999;2006
Canada;127.45;2007
Canada;127.59;2008
Canada;130.66999999999996;2009
Canada;132.67000000000002;2010
Canada;125.02000000000001;2011
Canada;127.87999999999998;2012
Canada;133.09;2013
Chile;108.91000000000003;1985
Chile;90.94;1986
Chile;89.42;1987
Chile;94.89999999999999;1988
Chile;100.44;1989
Chile;91.86;1990
Chile;98.83000000000003;1991
Chile;78.88;1992
Chile;103.18000000000002;1993
Chile;95.33999999999999;1994
Chile;108.91;1995
Chile;95.71000000000001;1996
Chile;100.13;1997
Chile;109.77;1998
Chile;111.85999999999999;1999
Chile;149.18000000000004;2000
Chile;147.58;2001
Chile;149.28;2002
Chile;153.54;2003
Chile;155.69;2004
Chile;147.43;2005
Chile;155.06;2006
Chile;150.92000000000002;2007
Chile;167.88;2008
Chile;174.3;2009
Chile;162.87999999999997;2010
Chile;160.83999999999997;2011
Chile;148.41000000000003;2012
Chile;134.52;2013
Chile;137.36999999999998;2014
Chile;147.68;2015
Colombia;62.559999999999995;1985
Colombia;50.11000000000001;1986
Colombia;45.169999999999995;1987
Colombia;50.64;1988
Colombia;41.690000000000005;1989
Colombia;43.42999999999999;1990
Colombia;43.57;1991
Colombia;49.480000000000004;1992
Colombia;49.230000000000004;1993
Colombia;55.949999999999996;1994
Colombia;49.64;1995
Colombia;53.17;1996
Colombia;52.76999999999999;1997
Colombia;81.67999999999999;1998
Colombia;84.10000000000001;1999
Colombia;89.77999999999999;2000
Colombia;88.26999999999998;2001
Colombia;81.38;2002
Colombia;79.85000000000001;2003
Colombia;84.25;2004
Colombia;74.84;2005
Colombia;78.41;2006
Colombia;74.25000000000003;2007
Colombia;74.22000000000001;2008
Colombia;73.83000000000001;2009
Colombia;67.24000000000001;2010
Colombia;62.879999999999995;2011
Colombia;66.45;2012
Colombia;63.529999999999994;2013
Colombia;66.62;2014
Colombia;70.39999999999999;2015
Costa Rica;69.46;1985
Costa Rica;89.84;1986
Costa Rica;85.56000000000002;1987
Costa Rica;88.98000000000002;1988
Costa Rica;84.76999999999998;1989
Costa Rica;93.27000000000002;1990
Costa Rica;61.72;1991
Costa Rica;72.54;1992
Costa Rica;98.83;1993
Costa Rica;80.78999999999999;1994
Costa Rica;79.17999999999999;1995
Costa Rica;94.86;1996
Costa Rica;80.63;1997
Costa Rica;92.09;1998
Costa Rica;85.06;1999
Costa Rica;88.28999999999998;2000
Costa Rica;76.03;2001
Costa Rica;95.62000000000002;2002
Costa Rica;115.88;2003
Costa Rica;100.72000000000001;2004
Costa Rica;78.73;2005
Costa Rica;100.83000000000001;2006
Costa Rica;75.35000000000001;2007
Costa Rica;72.26999999999998;2008
Costa Rica;77.37;2009
Costa Rica;84.35000000000001;2010
Costa Rica;89.83000000000001;2011
Costa Rica;80.75999999999999;2012
Costa Rica;89.25999999999999;2013
Costa Rica;70.85;2014
Croatia;305.53999999999996;1995
Croatia;334.78999999999996;1996
Croatia;313.7;1997
Croatia;344.30000000000007;1998
Croatia;327.28000000000003;1999
Croatia;322.75;2000
Croatia;287.54;2001
Croatia;304.12;2002
Croatia;281.68999999999994;2003
Croatia;302.24;2004
Croatia;269.56999999999994;2005
Croatia;248.21999999999994;2006
Croatia;243.45000000000002;2007
Croatia;265.68999999999994;2008
Croatia;254.29;2009
Croatia;241.97;2010
Croatia;221.10999999999999;2011
Croatia;239.01;2012
Croatia;210.29999999999995;2013
Croatia;222.04;2014
Croatia;229.67999999999998;2015
Croatia;213.55999999999997;2016
Cuba;369.71;1992
Cuba;392.92999999999995;1993
Cuba;363.31;1994
Cuba;352.76000000000005;1995
Cuba;316.2300000000001;1996
Cuba;317.4;1997
Cuba;326.97999999999996;1998
Cuba;306.12000000000006;1999
Cuba;272.77000000000004;2000
Cuba;244.51;2001
Cuba;240.42000000000004;2002
Cuba;221.12;2003
Cuba;216.12;2004
Cuba;205.93999999999997;2005
Cuba;202.54999999999995;2006
Cuba;188.18000000000004;2007
Cuba;190.98999999999995;2008
Cuba;201.32999999999996;2009
Cuba;202.13000000000002;2010
Cuba;207.05;2011
Cuba;204.0;2012
Cuba;190.45999999999998;2013
Cuba;184.62999999999997;2014
Cuba;194.31;2015
Cyprus;1.57;1999
Cyprus;8.36;2000
Cyprus;9.169999999999998;2004
Cyprus;24.739999999999995;2005
Cyprus;27.639999999999997;2006
Cyprus;36.17;2007
Cyprus;59.07000000000001;2008
Cyprus;55.53;2009
Cyprus;58.879999999999995;2010
Cyprus;43.78;2011
Cyprus;42.89999999999999;2012
Cyprus;64.61000000000001;2013
Cyprus;57.1;2014
Cyprus;49.589999999999996;2015
Cyprus;47.14999999999999;2016
Czech Republic;314.21999999999997;1990
Czech Republic;292.01;1991
Czech Republic;303.21;1992
Czech Republic;297.64;1993
Czech Republic;293.28000000000003;1994
Czech Republic;264.4;1995
Czech Republic;243.48;1996
Czech Republic;234.13000000000002;1997
Czech Republic;226.7;1998
Czech Republic;236.93;1999
Czech Republic;226.64000000000001;2000
Czech Republic;220.92000000000002;2001
Czech Republic;212.14999999999998;2002
Czech Republic;234.88000000000005;2003
Czech Republic;203.01999999999998;2004
Czech Republic;193.39999999999998;2005
Czech Republic;178.4;2006
Czech Republic;170.78;2007
Czech Republic;175.00999999999996;2008
Czech Republic;179.70999999999995;2009
Czech Republic;175.62;2010
Czech Republic;186.23999999999998;2011
Czech Republic;196.23;2012
Czech Republic;186.07000000000002;2013
Czech Republic;175.28999999999994;2014
Czech Republic;170.86999999999998;2015
Czech Republic;161.76;2016
Denmark;253.22000000000003;1994
Denmark;239.13000000000005;1995
Denmark;229.55999999999997;1996
Denmark;218.46;1997
Denmark;188.68;1998
Denmark;183.09000000000003;1999
Denmark;181.07000000000002;2000
Denmark;186.17000000000002;2001
Denmark;176.51000000000002;2002
Denmark;156.7;2003
Denmark;161.78;2004
Denmark;164.23;2005
Denmark;162.08;2006
Denmark;139.95999999999998;2007
Denmark;143.04999999999998;2008
Denmark;144.7;2009
Denmark;130.02;2010
Denmark;126.33;2011
Denmark;143.20999999999998;2012
Denmark;134.54999999999998;2013
Denmark;137.73;2014
Denmark;121.42;2015
Dominica;0.0;1985
Ecuador;82.51999999999998;1985
Ecuador;76.54;1986
Ecuador;62.53;1987
Ecuador;75.28999999999999;1988
Ecuador;70.38;1989
Ecuador;60.48;1990
Ecuador;66.96;1991
Ecuador;75.80000000000001;1992
Ecuador;70.91000000000001;1993
Ecuador;67.67;1994
Ecuador;68.22;1995
Ecuador;76.34000000000002;1996
Ecuador;67.02;1997
Ecuador;62.07;1998
Ecuador;71.92999999999999;1999
Ecuador;57.17000000000001;2000
Ecuador;67.24;2001
Ecuador;61.42;2002
Ecuador;70.56;2003
Ecuador;84.38999999999999;2004
Ecuador;96.73000000000002;2005
Ecuador;93.07;2006
Ecuador;95.97;2007
Ecuador;95.28999999999999;2008
Ecuador;94.25;2009
Ecuador;81.48999999999998;2010
Ecuador;81.8;2011
Ecuador;84.87999999999998;2012
Ecuador;62.88000000000001;2013
Ecuador;66.02000000000001;2014
Ecuador;97.39;2015
El Salvador;184.46;1990
El Salvador;171.29999999999998;1991
El Salvador;120.61999999999999;1992
El Salvador;123.69;1993
El Salvador;159.19000000000003;1995
El Salvador;145.16000000000003;1996
El Salvador;140.00000000000003;1997
El Salvador;122.82999999999998;1998
El Salvador;127.96000000000001;1999
El Salvador;110.55000000000001;2000
El Salvador;129.70999999999998;2001
El Salvador;113.19;2002
El Salvador;128.92;2003
El Salvador;111.55999999999999;2004
El Salvador;115.73000000000002;2005
El Salvador;99.57000000000001;2006
El Salvador;127.14000000000003;2007
El Salvador;125.82;2008
El Salvador;124.12;2009
El Salvador;97.92;2010
El Salvador;115.46000000000001;2011
El Salvador;123.14;2012
El Salvador;116.05999999999999;2013
El Salvador;101.84;2014
Estonia;543.1899999999998;1995
Estonia;528.72;1996
Estonia;502.06;1997
Estonia;427.5199999999999;1998
Estonia;486.46999999999997;1999
Estonia;364.64;2000
Estonia;371.68000000000006;2001
Estonia;358.29999999999995;2002
Estonia;338.24000000000007;2003
Estonia;299.4599999999999;2004
Estonia;256.43;2005
Estonia;242.63;2006
Estonia;265.05;2007
Estonia;244.57000000000002;2008
Estonia;248.66999999999996;2009
Estonia;229.07000000000005;2010
Estonia;229.26;2011
Estonia;241.61000000000004;2012
Estonia;231.92000000000002;2013
Estonia;258.90999999999997;2014
Estonia;205.37999999999997;2015
Fiji;54.95;2001
Fiji;110.53999999999999;2002
Fiji;16.12;2003
Fiji;90.49000000000001;2004
Fiji;52.83;2005
Fiji;30.769999999999996;2006
Fiji;20.46;2007
Fiji;47.480000000000004;2008
Fiji;51.67;2009
Fiji;106.97;2011
Fiji;91.58;2012
Finland;347.35;1987
Finland;354.03999999999996;1988
Finland;373.36000000000007;1989
Finland;396.22;1990
Finland;377.5799999999999;1991
Finland;349.87;1992
Finland;333.0;1993
Finland;330.24;1994
Finland;324.96000000000004;1995
Finland;289.65;1996
Finland;310.35;1997
Finland;301.43;1998
Finland;283.10999999999996;1999
Finland;265.6499999999999;2000
Finland;267.19000000000005;2001
Finland;255.52000000000004;2002
Finland;243.45000000000002;2003
Finland;243.95;2004
Finland;230.51999999999998;2005
Finland;233.79999999999998;2006
Finland;223.08000000000004;2007
Finland;220.29;2008
Finland;228.48999999999998;2009
Finland;215.21;2010
Finland;203.60999999999999;2011
Finland;187.01;2012
Finland;196.82999999999998;2013
Finland;177.16000000000005;2014
Finland;161.18999999999997;2015
France;348.90000000000003;1985
France;351.77000000000004;1986
France;331.03000000000003;1987
France;312.7200000000001;1988
France;312.53000000000003;1989
France;302.7300000000001;1990
France;298.1;1991
France;301.47;1992
France;312.69;1993
France;299.94999999999993;1994
France;292.61999999999995;1995
France;271.21999999999997;1996
France;266.33;1997
France;253.65000000000003;1998
France;245.83000000000004;1999
France;257.23;2000
France;239.94;2001
France;238.63999999999996;2002
France;241.30999999999997;2003
France;232.50999999999996;2004
France;232.09;2005
France;220.62999999999997;2006
France;213.69;2007
France;216.20999999999998;2008
France;216.24;2009
France;211.17;2010
France;211.18000000000004;2011
France;198.97999999999996;2012
France;192.33;2013
France;179.56;2014
Georgia;64.42999999999999;1990
Georgia;53.05;1991
Georgia;60.47999999999999;1992
Georgia;37.300000000000004;1994
Georgia;40.739999999999995;1995
Georgia;59.7;1996
Georgia;60.650000000000006;1997
Georgia;49.3;1998
Georgia;68.57999999999998;1999
Georgia;46.64000000000001;2000
Georgia;35.19;2001
Georgia;66.54;2004
Georgia;28.359999999999996;2005
Georgia;23.509999999999998;2006
Georgia;36.59000000000001;2007
Georgia;65.05999999999999;2009
Georgia;34.33;2010
Georgia;36.309999999999995;2011
Georgia;34.88;2012
Georgia;55.57;2013
Georgia;74.48999999999998;2014
Georgia;84.68;2015
Germany;259.45;1990
Germany;258.11;1991
Germany;250.04000000000002;1992
Germany;235.50000000000003;1993
Germany;230.79;1994
Germany;233.57999999999998;1995
Germany;216.42000000000002;1996
Germany;210.95999999999998;1997
Germany;200.51000000000002;1998
Germany;189.24000000000004;1999
Germany;185.55000000000004;2000
Germany;185.77999999999997;2001
Germany;183.96000000000004;2002
Germany;181.23999999999998;2003
Germany;172.23;2004
Germany;161.48999999999998;2005
Germany;152.52;2006
Germany;146.52;2007
Germany;145.52000000000004;2008
Germany;145.52000000000004;2009
Germany;152.17000000000002;2010
Germany;152.82;2011
Germany;148.30999999999997;2012
Germany;153.08;2013
Germany;153.03999999999996;2014
Germany;150.34;2015
Greece;58.169999999999995;1985
Greece;61.209999999999994;1986
Greece;63.059999999999995;1987
Greece;60.12;1988
Greece;54.53;1989
Greece;51.489999999999995;1990
Greece;54.569999999999986;1991
Greece;48.93000000000001;1992
Greece;53.1;1993
Greece;46.84;1994
Greece;49.68;1995
Greece;45.13000000000001;1996
Greece;47.66;1997
Greece;48.269999999999996;1998
Greece;45.739999999999995;1999
Greece;44.86;2000
Greece;38.81000000000001;2001
Greece;38.35;2002
Greece;40.67;2003
Greece;40.92;2004
Greece;46.53;2005
Greece;45.410000000000004;2006
Greece;33.91;2007
Greece;40.300000000000004;2008
Greece;40.970000000000006;2009
Greece;39.90000000000001;2010
Greece;48.67999999999999;2011
Greece;53.31999999999999;2012
Greece;55.11;2013
Greece;59.820000000000014;2014
Greece;56.059999999999995;2015
Grenada;25.08;1985
Grenada;46.800000000000004;1988
Grenada;65.09;1989
Grenada;24.75;1990
Grenada;0.0;1991
Grenada;0.0;1992
Grenada;34.21;1993
Grenada;60.82;1994
Grenada;51.95;1995
Grenada;11.96;1996
Grenada;0.0;2001
Grenada;0.0;2002
Grenada;69.18;2003
Grenada;13.37;2004
Grenada;160.82000000000002;2005
Grenada;9.89;2006
Grenada;48.339999999999996;2007
Grenada;0.0;2008
Grenada;0.0;2009
Grenada;0.0;2010
Grenada;20.73;2011
Grenada;18.009999999999998;2012
Grenada;0.0;2013
Grenada;0.0;2014
Grenada;0.0;2015
Grenada;0.0;2016
Guatemala;42.83999999999999;1986
Guatemala;57.919999999999995;1987
Guatemala;47.239999999999995;1988
Guatemala;35.230000000000004;1989
Guatemala;34.07000000000001;1990
Guatemala;33.519999999999996;1991
Guatemala;38.25;1992
Guatemala;31.17;1993
Guatemala;25.9;1994
Guatemala;34.13;1995
Guatemala;30.049999999999997;1996
Guatemala;26.51;1997
Guatemala;37.059999999999995;1998
Guatemala;36.5;1999
Guatemala;27.419999999999995;2000
Guatemala;30.590000000000003;2001
Guatemala;40.529999999999994;2002
Guatemala;37.34000000000001;2003
Guatemala;29.929999999999996;2004
Guatemala;32.61;2005
Guatemala;41.95;2006
Guatemala;40.269999999999996;2007
Guatemala;54.760000000000005;2008
Guatemala;57.57;2009
Guatemala;35.43;2010
Guatemala;34.69;2011
Guatemala;41.800000000000004;2012
Guatemala;40.690000000000005;2013
Guatemala;45.88;2014
Guatemala;44.85;2015
Guyana;91.92000000000002;1988
Guyana;184.88000000000002;1989
Guyana;177.06000000000003;1990
Guyana;232.84;1991
Guyana;182.15;1992
Guyana;116.81;1993
Guyana;162.20000000000002;1994
Guyana;208.72000000000003;1995
Guyana;128.31;1996
Guyana;82.65000000000002;1997
Guyana;64.86;1998
Guyana;313.62;1999
Guyana;380.76;2001
Guyana;311.93;2002
Guyana;382.53999999999996;2003
Guyana;400.0;2004
Guyana;333.9600000000001;2005
Guyana;394.60000000000014;2006
Guyana;373.74999999999994;2007
Guyana;353.61999999999995;2008
Guyana;301.78000000000003;2009
Guyana;403.06999999999994;2010
Guyana;349.5299999999999;2011
Guyana;367.97999999999996;2012
Guyana;356.38000000000005;2013
Hungary;575.0000000000001;1991
Hungary;570.26;1992
Hungary;539.2799999999999;1993
Hungary;535.81;1994
Hungary;493.4200000000001;1995
Hungary;482.74;1996
Hungary;470.44000000000005;1997
Hungary;436.78;1998
Hungary;483.88;1999
Hungary;464.56;2000
Hungary;408.9800000000001;2001
Hungary;382.74999999999994;2002
Hungary;372.0399999999999;2003
Hungary;369.46999999999997;2004
Hungary;352.00999999999993;2005
Hungary;312.66;2006
Hungary;327.32000000000005;2007
Hungary;331.67999999999995;2008
Hungary;310.71999999999997;2009
Hungary;321.30999999999995;2010
Hungary;299.85;2011
Hungary;305.96;2012
Hungary;266.22999999999996;2013
Hungary;244.30999999999997;2014
Hungary;257.2699999999999;2015
Hungary;241.34;2016
Iceland;171.04999999999998;1985
Iceland;215.09999999999997;1986
Iceland;209.94;1987
Iceland;167.98000000000002;1988
Iceland;110.12;1989
Iceland;180.31000000000003;1990
Iceland;199.72999999999996;1991
Iceland;122.89000000000001;1992
Iceland;109.02;1993
Iceland;125.43999999999998;1994
Iceland;129.66;1995
Iceland;177.35000000000002;1996
Iceland;164.02000000000004;1997
Iceland;141.08999999999997;1998
Iceland;128.92;1999
Iceland;207.99;2000
Iceland;163.06;2001
Iceland;131.24;2002
Iceland;100.97000000000001;2003
Iceland;168.81000000000003;2004
Iceland;115.0;2005
Iceland;106.39000000000001;2006
Iceland;163.29000000000002;2007
Iceland;136.09;2008
Iceland;123.73000000000002;2009
Iceland;184.27;2010
Iceland;92.94999999999999;2011
Iceland;145.41000000000003;2012
Iceland;221.24;2013
Iceland;197.95999999999998;2014
Iceland;140.65;2015
Iceland;138.07;2016
Ireland;102.15999999999998;1985
Ireland;104.88000000000002;1986
Ireland;95.42000000000002;1987
Ireland;113.24;1988
Ireland;110.55999999999999;1989
Ireland;125.68000000000002;1990
Ireland;126.52999999999999;1991
Ireland;137.87;1992
Ireland;117.15;1993
Ireland;142.82;1994
Ireland;143.84;1995
Ireland;145.54;1996
Ireland;156.15;1997
Ireland;162.17000000000002;1998
Ireland;141.22000000000003;1999
Ireland;142.36;2000
Ireland;148.97;2001
Ireland;135.82;2002
Ireland;134.76999999999998;2003
Ireland;129.42;2004
Ireland;121.10999999999999;2005
Ireland;126.46000000000001;2006
Ireland;121.77000000000001;2007
Ireland;129.55999999999997;2008
Ireland;132.63000000000002;2009
Ireland;120.30000000000001;2010
Ireland;138.57999999999998;2011
Ireland;137.66;2012
Ireland;117.40999999999998;2013
Ireland;119.67999999999999;2014
Israel;112.02999999999999;1985
Israel;130.28000000000003;1986
Israel;133.61;1987
Israel;124.16;1988
Israel;170.31999999999996;1989
Israel;122.25999999999999;1990
Israel;139.34000000000003;1991
Israel;130.95;1992
Israel;137.23;1993
Israel;149.89;1994
Israel;127.42999999999998;1995
Israel;110.50999999999999;1996
Israel;126.57999999999998;1997
Israel;100.11000000000001;1998
Israel;102.58;1999
Israel;108.56000000000002;2000
Israel;108.23000000000002;2001
Israel;93.49000000000001;2002
Israel;97.17;2003
Israel;98.43999999999998;2004
Israel;102.91;2005
Israel;80.52;2006
Israel;73.66999999999999;2007
Israel;87.33000000000003;2008
Israel;80.32;2009
Israel;99.47000000000001;2010
Israel;87.41000000000001;2011
Israel;83.78999999999998;2012
Israel;74.21000000000001;2013
Israel;71.26000000000002;2014
Israel;65.91;2015
Italy;133.4;1985
Italy;131.05;1986
Italy;125.54;1987
Italy;121.80999999999999;1988
Italy;116.63999999999997;1989
Italy;121.98;1990
Italy;115.86999999999998;1991
Italy;115.47999999999999;1992
Italy;121.14000000000001;1993
Italy;118.92999999999999;1994
Italy;118.01000000000002;1995
Italy;115.45000000000002;1996
Italy;117.04000000000002;1997
Italy;113.84000000000002;1998
Italy;99.72;1999
Italy;99.22;2000
Italy;95.87;2001
Italy;94.61;2002
Italy;94.41999999999997;2003
Italy;91.33000000000001;2004
Italy;82.58999999999999;2005
Italy;81.61000000000001;2006
Italy;81.96000000000004;2007
Italy;81.68999999999998;2008
Italy;81.92999999999998;2009
Italy;80.77000000000001;2010
Italy;86.08;2011
Italy;85.45;2012
Italy;84.86;2013
Italy;82.13000000000002;2014
Italy;78.45;2015
Jamaica;9.040000000000001;1985
Jamaica;0.57;1986
Jamaica;7.780000000000001;1987
Jamaica;4.2;1988
Jamaica;0.0;1989
Jamaica;1.32;1990
Jamaica;0.9;1991
Jamaica;1.16;2000
Jamaica;2.8000000000000003;2001
Jamaica;0.7;2002
Jamaica;0.9099999999999999;2003
Jamaica;0.74;2004
Jamaica;26.169999999999995;2005
Jamaica;0.0;2006
Jamaica;21.129999999999995;2009
Jamaica;1.16;2010
Jamaica;27.860000000000003;2011
Japan;300.46999999999997;1985
Japan;323.55;1986
Japan;295.29;1987
Japan;284.71999999999997;1988
Japan;263.41999999999996;1989
Japan;246.37;1990
Japan;234.51;1991
Japan;240.28000000000003;1992
Japan;224.09999999999997;1993
Japan;228.95000000000002;1994
Japan;228.12999999999997;1995
Japan;228.48000000000002;1996
Japan;237.38;1997
Japan;306.59999999999997;1998
Japan;298.90000000000003;1999
Japan;278.52000000000004;2000
Japan;267.16;2001
Japan;265.84;2002
Japan;279.4099999999999;2003
Japan;266.24999999999994;2004
Japan;266.88999999999993;2005
Japan;262.24;2006
Japan;268.75999999999993;2007
Japan;265.32;2008
Japan;266.69;2009
Japan;255.48;2010
Japan;252.41000000000003;2011
Japan;233.70000000000002;2012
Japan;231.16000000000003;2013
Japan;218.20999999999998;2014
Japan;206.04;2015
Kazakhstan;334.11999999999995;1990
Kazakhstan;318.65999999999997;1991
Kazakhstan;323.53;1992
Kazakhstan;376.49000000000007;1993
Kazakhstan;414.68000000000006;1994
Kazakhstan;454.67;1995
Kazakhstan;452.84;1996
Kazakhstan;433.7400000000001;1997
Kazakhstan;440.52000000000004;1998
Kazakhstan;407.72999999999996;1999
Kazakhstan;426.04999999999995;2000
Kazakhstan;422.48999999999995;2001
Kazakhstan;405.89;2002
Kazakhstan;411.7099999999999;2003
Kazakhstan;413.85999999999996;2004
Kazakhstan;357.80000000000007;2005
Kazakhstan;374.72999999999996;2006
Kazakhstan;375.6300000000001;2007
Kazakhstan;366.93999999999994;2008
Kazakhstan;330.07000000000005;2009
Kazakhstan;320.81000000000006;2010
Kazakhstan;293.76;2011
Kazakhstan;271.02;2012
Kazakhstan;296.67;2013
Kazakhstan;257.09;2014
Kazakhstan;238.01999999999998;2015
Kiribati;181.54;1991
Kiribati;81.78;1992
Kiribati;204.22;1993
Kiribati;150.4;1994
Kiribati;56.71;1995
Kiribati;77.35000000000001;1996
Kiribati;76.06;1997
Kiribati;50.45;1998
Kiribati;0.0;1999
Kiribati;0.0;2000
Kiribati;0.0;2001
Kuwait;11.200000000000001;1985
Kuwait;8.74;1986
Kuwait;11.47;1987
Kuwait;13.009999999999998;1993
Kuwait;18.47;1994
Kuwait;12.74;1995
Kuwait;18.330000000000002;1996
Kuwait;19.939999999999998;1997
Kuwait;16.209999999999997;1998
Kuwait;16.82;1999
Kuwait;15.23;2000
Kuwait;9.129999999999999;2001
Kuwait;14.56;2002
Kuwait;16.44;2003
Kuwait;17.26;2004
Kuwait;18.18;2005
Kuwait;15.83;2006
Kuwait;13.02;2007
Kuwait;11.76;2008
Kuwait;14.810000000000002;2009
Kuwait;10.04;2010
Kuwait;11.409999999999998;2011
Kuwait;15.59;2012
Kuwait;9.879999999999999;2013
Kuwait;15.86;2014
Kyrgyzstan;247.07000000000002;1990
Kyrgyzstan;246.59;1991
Kyrgyzstan;221.41999999999996;1992
Kyrgyzstan;258.78999999999996;1993
Kyrgyzstan;254.30999999999997;1994
Kyrgyzstan;239.76999999999998;1995
Kyrgyzstan;206.53999999999994;1996
Kyrgyzstan;190.85;1997
Kyrgyzstan;184.94000000000003;1998
Kyrgyzstan;191.44;1999
Kyrgyzstan;182.63;2000
Kyrgyzstan;193.29999999999998;2001
Kyrgyzstan;173.10999999999999;2002
Kyrgyzstan;137.86;2003
Kyrgyzstan;141.32999999999998;2004
Kyrgyzstan;135.48000000000002;2005
Kyrgyzstan;145.99;2006
Kyrgyzstan;125.89000000000001;2007
Kyrgyzstan;135.96;2008
Kyrgyzstan;113.28;2009
Kyrgyzstan;143.2;2010
Kyrgyzstan;126.89000000000001;2011
Kyrgyzstan;140.66000000000003;2012
Kyrgyzstan;109.84;2013
Kyrgyzstan;111.79000000000002;2014
Kyrgyzstan;98.36999999999999;2015
Latvia;545.6199999999999;1995
Latvia;492.01000000000005;1996
Latvia;492.56999999999994;1997
Latvia;441.8400000000001;1998
Latvia;420.40999999999997;1999
Latvia;453.2;2000
Latvia;383.49000000000007;2001
Latvia;367.76;2002
Latvia;361.63000000000005;2003
Latvia;328.38;2004
Latvia;312.06;2005
Latvia;288.9;2006
Latvia;295.75000000000006;2007
Latvia;323.68999999999994;2008
Latvia;307.7999999999999;2009
Latvia;259.34000000000003;2010
Latvia;288.75;2011
Latvia;267.67999999999995;2012
Latvia;242.19000000000003;2013
Latvia;248.81000000000003;2014
Latvia;251.47000000000006;2015
Lithuania;639.3;1995
Lithuania;595.61;1996
Lithuania;565.4400000000002;1997
Lithuania;566.36;1998
Lithuania;561.5300000000001;1999
Lithuania;571.8;2000
Lithuania;568.9799999999999;2001
Lithuania;555.6199999999998;2002
Lithuania;530.5200000000001;2003
Lithuania;503.36999999999995;2004
Lithuania;485.78999999999996;2005
Lithuania;400.57;2006
Lithuania;406.79;2007
Lithuania;430.05;2008
Lithuania;437.07000000000005;2009
Lithuania;395.23999999999995;2010
Lithuania;407.69;2011
Lithuania;374.12;2012
Lithuania;444.56000000000006;2013
Lithuania;401.2700000000001;2014
Lithuania;385.48;2015
Lithuania;361.71999999999997;2016
Luxembourg;247.39;1985
Luxembourg;183.05;1986
Luxembourg;243.24;1987
Luxembourg;211.50000000000003;1988
Luxembourg;261.32000000000005;1989
Luxembourg;233.33999999999997;1990
Luxembourg;280.83000000000004;1991
Luxembourg;228.37000000000003;1992
Luxembourg;207.95999999999998;1993
Luxembourg;277.24000000000007;1994
Luxembourg;210.08;1995
Luxembourg;229.25000000000006;1996
Luxembourg;307.59999999999997;1997
Luxembourg;201.25000000000003;1998
Luxembourg;211.99000000000004;1999
Luxembourg;222.64;2000
Luxembourg;239.82;2001
Luxembourg;264.14;2002
Luxembourg;164.36999999999998;2003
Luxembourg;189.53999999999996;2004
Luxembourg;159.07000000000002;2005
Luxembourg;183.79000000000005;2006
Luxembourg;183.88999999999996;2007
Luxembourg;112.30999999999999;2008
Luxembourg;110.94999999999999;2009
Luxembourg;141.16;2010
Luxembourg;136.52999999999997;2011
Luxembourg;140.18;2012
Luxembourg;91.47999999999999;2013
Luxembourg;147.88;2014
Luxembourg;134.39999999999998;2015
Macau;171.74000000000004;1994
Maldives;0.0;2000
Maldives;110.49;2001
Maldives;9.84;2002
Maldives;15.52;2003
Maldives;3.74;2004
Maldives;2.75;2005
Maldives;14.360000000000001;2007
Maldives;0.0;2008
Maldives;1.99;2010
Maldives;5.39;2011
Malta;8.76;1985
Malta;3.61;1986
Malta;18.87;1987
Malta;28.61;1988
Malta;89.96000000000002;1989
Malta;23.75;1990
Malta;30.340000000000003;1991
Malta;87.13999999999999;1992
Malta;47.540000000000006;1993
Malta;64.69;1994
Malta;47.02;1995
Malta;47.43000000000001;1996
Malta;70.67999999999999;1997
Malta;30.63;1998
Malta;91.76;1999
Malta;78.05;2000
Malta;85.29;2001
Malta;55.28;2002
Malta;74.94;2003
Malta;85.82;2004
Malta;67.94;2005
Malta;87.21000000000001;2006
Malta;73.84;2007
Malta;38.67999999999999;2008
Malta;107.11999999999999;2009
Malta;82.10999999999999;2010
Malta;47.49999999999999;2011
Malta;59.87;2012
Malta;57.22;2013
Malta;102.07999999999997;2014
Malta;78.26999999999998;2015
Mauritius;143.13;1985
Mauritius;30.070000000000004;1986
Mauritius;171.93999999999997;1987
Mauritius;246.10999999999999;1988
Mauritius;211.64000000000007;1989
Mauritius;163.17999999999998;1990
Mauritius;196.79000000000002;1991
Mauritius;198.99;1992
Mauritius;174.99000000000004;1993
Mauritius;154.65;1994
Mauritius;182.65;1995
Mauritius;166.14;1996
Mauritius;143.57;1997
Mauritius;154.76999999999998;1998
Mauritius;186.04000000000002;1999
Mauritius;140.82000000000002;2000
Mauritius;121.83999999999999;2001
Mauritius;131.89999999999998;2002
Mauritius;94.02;2003
Mauritius;100.99;2004
Mauritius;102.51;2005
Mauritius;163.68;2006
Mauritius;141.45;2007
Mauritius;78.13;2008
Mauritius;106.07000000000001;2009
Mauritius;111.83000000000001;2010
Mauritius;120.03999999999996;2011
Mauritius;114.25;2012
Mauritius;97.67;2013
Mauritius;115.45;2014
Mauritius;99.96999999999997;2015
Mauritius;99.3;2016
Mexico;38.169999999999995;1985
Mexico;45.739999999999995;1986
Mexico;41.42999999999999;1987
Mexico;42.22;1988
Mexico;48.25999999999999;1989
Mexico;48.85;1990
Mexico;47.69;1991
Mexico;52.07000000000001;1992
Mexico;52.0;1993
Mexico;55.92;1994
Mexico;59.089999999999996;1995
Mexico;56.33;1996
Mexico;57.070000000000014;1997
Mexico;56.839999999999996;1998
Mexico;54.889999999999986;1999
Mexico;54.89;2000
Mexico;63.300000000000004;2001
Mexico;58.36000000000001;2002
Mexico;63.0;2003
Mexico;60.75;2004
Mexico;62.220000000000006;2005
Mexico;59.220000000000006;2006
Mexico;58.010000000000005;2007
Mexico;60.83;2008
Mexico;64.14;2009
Mexico;61.00999999999999;2010
Mexico;65.52;2011
Mexico;63.43;2012
Mexico;64.99000000000001;2013
Mexico;68.37999999999998;2014
Mexico;66.57;2015
Mongolia;184.39;2016
Montenegro;0.0;2000
Montenegro;0.0;2001
Montenegro;0.0;2002
Montenegro;0.0;2003
Montenegro;0.0;2004
Montenegro;274.4799999999999;2005
Montenegro;0.0;2006
Montenegro;335.53;2007
Montenegro;308.09000000000003;2008
Montenegro;275.93;2009
Netherlands;159.89;1985
Netherlands;158.28000000000003;1986
Netherlands;157.17000000000004;1987
Netherlands;147.59999999999997;1988
Netherlands;136.01000000000002;1989
Netherlands;136.17000000000002;1990
Netherlands;150.49;1991
Netherlands;143.49;1992
Netherlands;135.98;1993
Netherlands;136.96;1994
Netherlands;125.02000000000002;1995
Netherlands;135.07;1996
Netherlands;136.57;1997
Netherlands;128.5;1998
Netherlands;123.16000000000001;1999
Netherlands;118.99000000000001;2000
Netherlands;116.3;2001
Netherlands;119.72999999999999;2002
Netherlands;113.33;2003
Netherlands;111.16;2004
Netherlands;113.27999999999999;2005
Netherlands;113.18999999999998;2006
Netherlands;97.43999999999997;2007
Netherlands;102.08999999999999;2008
Netherlands;108.30000000000001;2009
Netherlands;109.48999999999997;2010
Netherlands;113.07999999999998;2011
Netherlands;118.51;2012
Netherlands;125.53000000000002;2013
Netherlands;121.42;2014
Netherlands;126.93;2015
Netherlands;127.38999999999999;2016
New Zealand;153.64;1985
New Zealand;178.67;1986
New Zealand;210.51999999999998;1987
New Zealand;205.03;1988
New Zealand;190.62;1989
New Zealand;186.57;1990
New Zealand;175.48;1991
New Zealand;183.59;1992
New Zealand;163.98000000000002;1993
New Zealand;198.63;1994
New Zealand;199.42000000000004;1995
New Zealand;195.13;1996
New Zealand;198.28000000000003;1997
New Zealand;201.07000000000002;1998
New Zealand;176.80000000000004;1999
New Zealand;157.54;2000
New Zealand;179.9;2001
New Zealand;152.03000000000003;2002
New Zealand;172.35;2003
New Zealand;163.41000000000003;2004
New Zealand;157.93000000000004;2005
New Zealand;156.74;2006
New Zealand;148.19;2007
New Zealand;151.77999999999994;2008
New Zealand;153.00000000000003;2009
New Zealand;152.62;2010
New Zealand;142.82000000000002;2011
New Zealand;158.03000000000003;2012
New Zealand;144.55;2013
Nicaragua;88.74000000000001;2010
Nicaragua;89.54999999999998;2011
Nicaragua;72.28999999999999;2012
Nicaragua;80.97000000000001;2013
Nicaragua;71.39999999999999;2014
Nicaragua;69.86999999999999;2015
Norway;163.62;1986
Norway;191.56;1987
Norway;208.49999999999997;1988
Norway;197.89000000000004;1989
Norway;191.31000000000003;1990
Norway;194.82000000000002;1991
Norway;181.64000000000001;1992
Norway;178.05;1993
Norway;150.53;1994
Norway;156.35;1995
Norway;153.93;1996
Norway;158.60999999999999;1997
Norway;153.66;1998
Norway;163.32999999999998;1999
Norway;150.33;2000
Norway;154.29000000000002;2001
Norway;141.0;2002
Norway;138.07999999999996;2003
Norway;141.37;2004
Norway;142.09;2005
Norway;142.67000000000002;2006
Norway;127.77;2007
Norway;132.03;2008
Norway;145.73999999999995;2009
Norway;136.42999999999998;2010
Norway;146.49;2011
Norway;125.99999999999999;2012
Norway;127.00999999999999;2013
Norway;127.22999999999999;2014
Norway;136.43;2015
Oman;21.189999999999998;2009
Oman;3.8000000000000003;2010
Oman;1.51;2014
Panama;51.059999999999995;1985
Panama;60.91;1986
Panama;67.06;1987
Panama;60.19;1988
Panama;55.290000000000006;1989
Panama;66.38000000000001;1996
Panama;83.19;1997
Panama;76.68999999999998;1998
Panama;77.62999999999998;1999
Panama;85.58000000000001;2000
Panama;86.77000000000001;2001
Panama;78.94;2002
Panama;97.24;2003
Panama;81.76;2004
Panama;77.80999999999999;2005
Panama;91.63;2006
Panama;71.89999999999999;2007
Panama;73.3;2008
Panama;68.29;2009
Panama;64.0;2010
Panama;62.730000000000004;2011
Panama;55.519999999999996;2012
Panama;49.309999999999995;2013
Panama;55.98;2014
Panama;44.89999999999999;2015
Paraguay;39.42;1985
Paraguay;26.759999999999998;1986
Paraguay;36.599999999999994;1987
Paraguay;35.33;1989
Paraguay;45.01;1990
Paraguay;27.140000000000004;1991
Paraguay;44.459999999999994;1994
Paraguay;40.330000000000005;1995
Paraguay;33.46;1996
Paraguay;35.580000000000005;1997
Paraguay;48.55;1998
Paraguay;44.42;1999
Paraguay;42.779999999999994;2000
Paraguay;56.52;2001
Paraguay;43.45000000000001;2002
Paraguay;51.35000000000001;2003
Paraguay;65.44000000000001;2004
Paraguay;62.81;2005
Paraguay;65.57;2006
Paraguay;62.51000000000001;2007
Paraguay;58.32;2008
Paraguay;67.32999999999998;2009
Paraguay;54.56000000000001;2010
Paraguay;67.83;2011
Paraguay;63.3;2012
Paraguay;75.39000000000001;2013
Paraguay;72.15;2014
Philippines;9.81;1992
Philippines;21.97;1993
Philippines;20.24;1997
Philippines;22.05;1998
Philippines;24.88;1999
Philippines;32.21;2000
Philippines;27.079999999999995;2001
Philippines;28.540000000000003;2002
Philippines;33.41;2003
Philippines;36.66;2006
Philippines;29.17;2007
Philippines;33.05;2008
Philippines;34.89;2009
Philippines;36.96000000000001;2010
Philippines;44.90999999999999;2011
Poland;172.64;1990
Poland;180.27000000000004;1991
Poland;194.43000000000004;1992
Poland;187.85000000000002;1993
Poland;185.95999999999998;1994
Poland;181.7;1995
Poland;178.20999999999998;1996
Poland;184.14999999999998;1999
Poland;191.01;2000
Poland;180.65;2001
Poland;183.26999999999995;2002
Poland;180.14999999999995;2003
Poland;187.73999999999995;2004
Poland;186.04;2005
Poland;182.85;2006
Poland;166.46999999999994;2007
Poland;177.37999999999997;2008
Poland;197.1;2009
Poland;190.64;2010
Poland;183.86;2011
Poland;192.37000000000003;2012
Poland;187.58999999999997;2013
Poland;178.3;2014
Poland;166.99;2015
Portugal;164.82000000000002;1985
Portugal;165.52999999999997;1986
Portugal;171.32999999999998;1987
Portugal;137.74999999999997;1988
Portugal;130.32;1989
Portugal;150.21;1990
Portugal;165.15999999999997;1991
Portugal;148.3;1992
Portugal;125.83;1993
Portugal;123.82000000000001;1994
Portugal;128.93;1995
Portugal;115.77000000000001;1996
Portugal;102.17999999999999;1997
Portugal;87.05999999999999;1998
Portugal;89.46;1999
Portugal;85.88000000000001;2000
Portugal;115.73000000000003;2001
Portugal;171.82999999999998;2002
Portugal;166.45999999999998;2003
Portugal;143.54999999999998;2007
Portugal;141.01999999999998;2008
Portugal;139.7;2009
Portugal;148.84;2010
Portugal;127.86;2011
Portugal;139.4;2012
Portugal;132.73;2013
Portugal;153.88999999999996;2014
Puerto Rico;154.60999999999999;1985
Puerto Rico;178.23000000000002;1986
Puerto Rico;143.76;1987
Puerto Rico;161.68999999999997;1988
Puerto Rico;169.53999999999996;1989
Puerto Rico;181.58;1990
Puerto Rico;184.81;1991
Puerto Rico;135.30999999999997;1992
Puerto Rico;151.25;1993
Puerto Rico;147.27999999999994;1994
Puerto Rico;120.87;1995
Puerto Rico;139.81000000000003;1996
Puerto Rico;99.25999999999998;1997
Puerto Rico;131.07;1998
Puerto Rico;117.31;1999
Puerto Rico;108.26;2000
Puerto Rico;106.89;2001
Puerto Rico;91.59000000000002;2002
Puerto Rico;96.99000000000001;2003
Puerto Rico;108.95;2004
Puerto Rico;105.11;2005
Puerto Rico;95.30000000000001;2006
Puerto Rico;93.08000000000001;2007
Puerto Rico;107.08;2008
Puerto Rico;124.9;2009
Puerto Rico;103.84000000000002;2010
Puerto Rico;90.55000000000001;2011
Puerto Rico;87.1;2012
Puerto Rico;90.59000000000002;2013
Puerto Rico;77.09;2014
Puerto Rico;85.58000000000001;2015
Qatar;0.0;1995
Qatar;27.300000000000004;2001
Qatar;15.25;2004
Qatar;18.799999999999997;2005
Qatar;87.30000000000001;2006
Qatar;28.61;2007
Qatar;13.55;2008
Qatar;19.900000000000002;2009
Qatar;12.83;2010
Qatar;18.849999999999998;2011
Qatar;13.270000000000001;2012
Qatar;8.23;2013
Qatar;18.989999999999995;2014
Qatar;18.84;2015
Qatar;16.43;2016
Republic of Korea;146.64999999999998;1985
Republic of Korea;143.31;1986
Republic of Korea;128.23999999999998;1987
Republic of Korea;114.58000000000001;1988
Republic of Korea;121.4;1989
Republic of Korea;120.53;1990
Republic of Korea;116.18000000000002;1991
Republic of Korea;127.39;1992
Republic of Korea;159.48000000000002;1993
Republic of Korea;165.4;1994
Republic of Korea;179.28000000000003;1995
Republic of Korea;216.98999999999998;1996
Republic of Korea;226.79999999999998;1997
Republic of Korea;302.32;1998
Republic of Korea;257.52000000000004;1999
Republic of Korea;248.59;2000
Republic of Korea;273.54;2001
Republic of Korea;361.04;2002
Republic of Korea;454.11999999999995;2003
Republic of Korea;469.69999999999993;2004
Republic of Korea;479.03999999999996;2005
Republic of Korea;420.46;2006
Republic of Korea;466.5400000000001;2007
Republic of Korea;452.2800000000001;2008
Republic of Korea;519.5200000000001;2009
Republic of Korea;518.2;2010
Republic of Korea;515.05;2011
Republic of Korea;443.25999999999993;2012
Republic of Korea;428.57;2013
Republic of Korea;385.3299999999999;2014
Republic of Korea;389.14000000000004;2015
Romania;157.77000000000004;1989
Romania;125.91999999999999;1990
Romania;133.38;1991
Romania;164.18;1992
Romania;162.07;1993
Romania;172.78000000000003;1994
Romania;156.18;1995
Romania;159.98000000000002;1996
Romania;161.6;1997
Romania;161.28999999999996;1998
Romania;158.27;1999
Romania;159.19000000000003;2000
Romania;149.10999999999999;2001
Romania;173.6;2002
Romania;159.70999999999998;2003
Romania;151.19;2004
Romania;146.01;2005
Romania;149.09;2006
Romania;136.05999999999997;2007
Romania;140.4;2008
Romania;144.01999999999998;2009
Romania;150.04000000000002;2010
Romania;138.78;2011
Romania;142.03;2012
Romania;137.99;2013
Romania;131.02999999999997;2014
Romania;133.54999999999998;2015
Romania;116.33000000000001;2016
Russian Federation;398.82;1989
Russian Federation;399.17;1990
Russian Federation;396.3999999999999;1991
Russian Federation;437.47999999999996;1992
Russian Federation;522.0600000000001;1993
Russian Federation;567.64;1994
Russian Federation;547.38;1995
Russian Federation;526.2800000000001;1996
Russian Federation;508.09;1997
Russian Federation;474.73999999999995;1998
Russian Federation;510.13;1999
Russian Federation;504.46999999999997;2000
Russian Federation;504.65000000000003;2001
Russian Federation;488.54999999999995;2002
Russian Federation;468.9100000000001;2003
Russian Federation;447.61;2004
Russian Federation;420.3399999999999;2005
Russian Federation;401.31;2006
Russian Federation;386.99000000000007;2007
Russian Federation;366.8;2008
Russian Federation;352.8;2009
Russian Federation;319.21;2010
Russian Federation;299.68;2011
Russian Federation;285.51000000000005;2012
Russian Federation;273.96999999999997;2013
Russian Federation;259.21999999999997;2014
Russian Federation;236.91999999999996;2015
Saint Kitts and Nevis;0.0;1990
Saint Kitts and Nevis;0.0;1991
Saint Kitts and Nevis;0.0;1992
Saint Lucia;59.95;1986
Saint Lucia;141.42000000000002;1987
Saint Lucia;182.20999999999995;1988
Saint Lucia;88.91000000000001;1989
Saint Lucia;26.919999999999998;1990
Saint Lucia;104.09;1991
Saint Lucia;98.11;1992
Saint Lucia;75.28;1993
Saint Lucia;45.8;1994
Saint Lucia;81.71000000000001;1995
Saint Lucia;61.03000000000001;1996
Saint Lucia;117.53999999999999;1997
Saint Lucia;119.03;1998
Saint Lucia;74.94;1999
Saint Lucia;197.85999999999999;2000
Saint Lucia;59.08;2001
Saint Lucia;187.52000000000004;2002
Saint Lucia;133.26000000000002;2003
Saint Lucia;66.17;2004
Saint Lucia;24.82;2005
Saint Lucia;17.83;2006
Saint Lucia;0.0;2008
Saint Lucia;82.32;2009
Saint Lucia;30.31;2010
Saint Lucia;53.32;2011
Saint Lucia;85.03;2012
Saint Lucia;114.10000000000002;2013
Saint Lucia;91.56;2014
Saint Vincent and Grenadines;32.79;1985
Saint Vincent and Grenadines;0.0;1986
Saint Vincent and Grenadines;0.0;1987
Saint Vincent and Grenadines;72.06;1990
Saint Vincent and Grenadines;85.41;1995
Saint Vincent and Grenadines;85.06;1996
Saint Vincent and Grenadines;30.019999999999996;1997
Saint Vincent and Grenadines;194.42000000000002;1998
Saint Vincent and Grenadines;65.80000000000001;1999
Saint Vincent and Grenadines;44.11;2000
Saint Vincent and Grenadines;160.66000000000003;2001
Saint Vincent and Grenadines;202.92999999999998;2002
Saint Vincent and Grenadines;50.91;2003
Saint Vincent and Grenadines;46.459999999999994;2004
Saint Vincent and Grenadines;72.11;2005
Saint Vincent and Grenadines;122.06999999999998;2006
Saint Vincent and Grenadines;102.39;2007
Saint Vincent and Grenadines;40.28999999999999;2008
Saint Vincent and Grenadines;11.18;2009
Saint Vincent and Grenadines;54.83;2010
Saint Vincent and Grenadines;46.980000000000004;2011
Saint Vincent and Grenadines;97.29;2012
Saint Vincent and Grenadines;0.0;2013
Saint Vincent and Grenadines;80.78;2014
Saint Vincent and Grenadines;28.080000000000002;2015
San Marino;64.35000000000001;1999
San Marino;47.26;2000
San Marino;34.01;2005
Serbia;307.05;1998
Serbia;344.72999999999996;1999
Serbia;324.16;2000
Serbia;297.0;2001
Serbia;295.91;2002
Serbia;271.27;2003
Serbia;262.50999999999993;2004
Serbia;286.31999999999994;2005
Serbia;286.06999999999994;2006
Serbia;258.45;2007
Serbia;242.60999999999999;2008
Serbia;258.43000000000006;2009
Serbia;234.48000000000002;2010
Serbia;243.45;2011
Serbia;234.53;2012
Serbia;217.73;2013
Serbia;216.78;2014
Serbia;205.97;2015
Seychelles;156.18000000000004;1985
Seychelles;23.26;1986
Seychelles;60.72;1987
Seychelles;87.57000000000001;2001
Seychelles;154.12;2002
Seychelles;100.0;2003
Seychelles;63.27000000000001;2004
Seychelles;71.5;2005
Seychelles;275.75;2006
Seychelles;147.64;2007
Seychelles;39.07;2008
Seychelles;43.81;2009
Seychelles;51.989999999999995;2010
Seychelles;51.34;2011
Seychelles;33.5;2012
Seychelles;131.4;2013
Seychelles;43.33;2014
Seychelles;81.25;2015
Singapore;353.36000000000007;1985
Singapore;324.61;1986
Singapore;273.56;1987
Singapore;360.19;1988
Singapore;354.11;1989
Singapore;272.03;1990
Singapore;229.38;1991
Singapore;205.42;1992
Singapore;235.14000000000004;1993
Singapore;246.85000000000005;1994
Singapore;282.76;1995
Singapore;208.93999999999997;1996
Singapore;206.64999999999998;1997
Singapore;215.35999999999999;1998
Singapore;166.45000000000005;1999
Singapore;164.33999999999997;2000
Singapore;167.80000000000004;2001
Singapore;172.39000000000001;2002
Singapore;172.73999999999998;2003
Singapore;167.47999999999996;2004
Singapore;180.33;2005
Singapore;148.74999999999997;2006
Singapore;165.76000000000002;2007
Singapore;150.25;2008
Singapore;149.58;2009
Singapore;129.23000000000002;2010
Singapore;116.96;2011
Singapore;141.61999999999998;2012
Singapore;137.87;2013
Singapore;131.78;2014
Singapore;109.28999999999998;2015
Slovakia;214.23000000000002;1992
Slovakia;195.33999999999997;1993
Slovakia;185.04000000000005;1994
Slovakia;198.69999999999993;1995
Slovakia;174.50000000000006;1996
Slovakia;164.10000000000002;1997
Slovakia;161.84;1998
Slovakia;172.08;1999
Slovakia;180.08;2000
Slovakia;171.88;2001
Slovakia;191.77;2002
Slovakia;169.16000000000003;2003
Slovakia;150.89999999999998;2004
Slovakia;165.37;2005
Slovakia;0.0;2006
Slovakia;0.0;2007
Slovakia;134.20000000000002;2008
Slovakia;139.08;2009
Slovakia;143.68;2010
Slovakia;129.48000000000002;2012
Slovakia;143.90999999999997;2013
Slovakia;132.82000000000002;2014
Slovenia;393.87000000000006;1995
Slovenia;421.1099999999999;1996
Slovenia;410.09999999999997;1997
Slovenia;413.59999999999997;1998
Slovenia;393.35999999999996;1999
Slovenia;404.12000000000006;2000
Slovenia;423.4;2001
Slovenia;354.3;2002
Slovenia;376.56000000000006;2003
Slovenia;298.4799999999999;2004
Slovenia;337.41;2005
Slovenia;347.87;2006
Slovenia;291.44999999999993;2007
Slovenia;263.09;2008
Slovenia;268.71000000000004;2009
Slovenia;265.59;2010
Slovenia;281.65999999999997;2011
Slovenia;279.74;2012
Slovenia;283.0199999999999;2013
Slovenia;240.36999999999998;2014
Slovenia;264.81;2015
South Africa;8.03;1996
South Africa;4.95;1997
South Africa;7.699999999999999;1998
South Africa;10.87;1999
South Africa;9.54;2000
South Africa;12.43;2001
South Africa;6.9799999999999995;2002
South Africa;9.240000000000002;2003
South Africa;12.63;2004
South Africa;15.29;2005
South Africa;17.919999999999998;2006
South Africa;12.12;2007
South Africa;14.139999999999999;2008
South Africa;10.709999999999999;2009
South Africa;13.09;2010
South Africa;9.309999999999999;2011
South Africa;13.56;2012
South Africa;14.9;2013
South Africa;15.079999999999998;2014
South Africa;13.000000000000002;2015
Spain;114.93;1985
Spain;119.83000000000001;1986
Spain;122.13999999999999;1987
Spain;127.28;1988
Spain;126.49;1989
Spain;129.24;1990
Spain;121.84000000000002;1991
Spain;119.00999999999998;1992
Spain;120.85;1993
Spain;124.32000000000001;1994
Spain;123.81;1995
Spain;126.53;1996
Spain;131.32;1997
Spain;124.04;1998
Spain;119.08;1999
Spain;122.21000000000002;2000
Spain;112.4;2001
Spain;115.64;2002
Spain;116.48999999999997;2003
Spain;112.63000000000001;2004
Spain;107.66;2005
Spain;99.86999999999999;2006
Spain;98.94999999999997;2007
Spain;98.51999999999998;2008
Spain;98.01999999999998;2009
Spain;87.44;2010
Spain;88.58999999999999;2011
Spain;96.88;2012
Spain;101.31999999999998;2013
Spain;104.35000000000002;2014
Spain;97.38000000000002;2015
Sri Lanka;558.7200000000001;1985
Sri Lanka;529.8000000000002;1986
Sri Lanka;395.71000000000004;1996
Sri Lanka;472.09999999999997;1997
Sri Lanka;451.15000000000003;1998
Sri Lanka;445.23999999999995;1999
Sri Lanka;427.2900000000001;2000
Sri Lanka;358.06;2001
Sri Lanka;339.41;2002
Sri Lanka;352.75000000000006;2003
Sri Lanka;328.7300000000001;2006
Suriname;470.84000000000003;1985
Suriname;211.99;1986
Suriname;251.69999999999996;1987
Suriname;209.72000000000006;1988
Suriname;212.11999999999998;1989
Suriname;214.09;1990
Suriname;215.46;1991
Suriname;137.96;1992
Suriname;182.52;1995
Suriname;84.27000000000001;1996
Suriname;115.69;1997
Suriname;101.95;1998
Suriname;216.70000000000002;1999
Suriname;127.92999999999999;2000
Suriname;218.09;2001
Suriname;214.23000000000002;2002
Suriname;245.99999999999997;2003
Suriname;202.10000000000002;2004
Suriname;211.17;2005
Suriname;298.26;2006
Suriname;356.14000000000004;2007
Suriname;416.81999999999994;2008
Suriname;369.71000000000004;2009
Suriname;425.3;2010
Suriname;353.31000000000006;2011
Suriname;454.11;2012
Suriname;286.79999999999995;2013
Suriname;357.34;2014
Sweden;230.91;1987
Sweden;231.67;1988
Sweden;238.33999999999995;1989
Sweden;222.05000000000004;1990
Sweden;217.54000000000002;1991
Sweden;200.77999999999997;1992
Sweden;200.97000000000003;1993
Sweden;195.69000000000003;1994
Sweden;191.72;1995
Sweden;178.24000000000004;1996
Sweden;167.19000000000003;1997
Sweden;175.8;1998
Sweden;172.64;1999
Sweden;162.50000000000003;2000
Sweden;167.49000000000004;2001
Sweden;162.71;2002
Sweden;153.41;2003
Sweden;157.41000000000003;2004
Sweden;164.61999999999995;2005
Sweden;160.76;2006
Sweden;147.38999999999996;2007
Sweden;155.68;2008
Sweden;160.4;2009
Sweden;146.54000000000002;2010
Sweden;141.77;2011
Sweden;148.10999999999999;2012
Sweden;158.20000000000005;2013
Sweden;149.04999999999998;2014
Sweden;149.29999999999998;2015
Sweden;138.84000000000003;2016
Switzerland;283.07000000000005;1995
Switzerland;279.89;1996
Switzerland;266.77;1997
Switzerland;273.41999999999996;1998
Switzerland;251.98;1999
Switzerland;266.2;2000
Switzerland;261.69;2001
Switzerland;273.70000000000005;2002
Switzerland;242.66000000000003;2003
Switzerland;242.27000000000004;2004
Switzerland;246.19;2005
Switzerland;241.62999999999997;2006
Switzerland;255.81;2007
Switzerland;237.51;2008
Switzerland;180.12999999999997;2009
Switzerland;160.52000000000004;2010
Switzerland;168.21999999999997;2011
Switzerland;165.38999999999996;2012
Switzerland;170.26000000000002;2013
Switzerland;162.10000000000002;2014
Switzerland;164.66;2015
Thailand;82.54;1985
Thailand;71.91000000000001;1986
Thailand;81.82;1987
Thailand;95.91999999999999;1990
Thailand;86.46;1991
Thailand;83.1;1992
Thailand;56.27000000000001;1994
Thailand;93.52000000000001;1995
Thailand;93.05;1996
Thailand;86.37;1997
Thailand;99.55999999999999;1998
Thailand;109.03;1999
Thailand;106.10000000000001;2000
Thailand;103.11999999999999;2002
Thailand;91.16;2003
Thailand;86.06;2004
Thailand;77.99;2005
Thailand;69.04000000000002;2006
Thailand;79.14000000000001;2007
Thailand;78.17999999999999;2008
Thailand;78.56;2009
Thailand;80.49999999999999;2010
Thailand;77.59000000000002;2011
Thailand;80.68999999999997;2012
Thailand;79.56000000000002;2013
Thailand;76.96000000000001;2014
Thailand;81.15000000000002;2015
Thailand;77.32;2016
Trinidad and Tobago;30.17;1985
Trinidad and Tobago;123.13;1986
Trinidad and Tobago;155.54000000000002;1987
Trinidad and Tobago;228.74999999999997;1988
Trinidad and Tobago;198.16;1989
Trinidad and Tobago;186.38000000000005;1990
Trinidad and Tobago;153.53999999999996;1991
Trinidad and Tobago;194.39000000000001;1992
Trinidad and Tobago;161.52999999999997;1993
Trinidad and Tobago;159.4;1994
Trinidad and Tobago;242.93;1995
Trinidad and Tobago;196.35999999999999;1996
Trinidad and Tobago;189.39000000000001;1997
Trinidad and Tobago;196.04000000000002;1998
Trinidad and Tobago;145.32;1999
Trinidad and Tobago;198.31999999999996;2000
Trinidad and Tobago;205.32999999999998;2001
Trinidad and Tobago;159.01;2002
Trinidad and Tobago;158.24999999999997;2003
Trinidad and Tobago;188.28000000000003;2004
Trinidad and Tobago;144.14000000000001;2005
Trinidad and Tobago;133.89000000000001;2006
Trinidad and Tobago;143.58;2007
Trinidad and Tobago;178.25;2008
Trinidad and Tobago;120.24000000000001;2009
Trinidad and Tobago;150.50000000000003;2010
Trinidad and Tobago;138.69000000000003;2011
Turkey;21.29;2009
Turkey;31.69;2010
Turkey;23.07;2011
Turkey;28.4;2012
Turkey;35.42;2013
Turkey;30.830000000000005;2014
Turkey;28.470000000000002;2015
Turkmenistan;173.60999999999999;1987
Turkmenistan;162.45;1988
Turkmenistan;135.33000000000004;1989
Turkmenistan;172.01;1990
Turkmenistan;126.94000000000001;1991
Turkmenistan;111.85;1992
Turkmenistan;115.42999999999999;1993
Turkmenistan;116.91999999999999;1994
Turkmenistan;90.44000000000001;1995
Turkmenistan;103.64000000000001;1996
Turkmenistan;100.97;1997
Turkmenistan;136.50000000000003;1998
Turkmenistan;145.06;1999
Turkmenistan;112.13;2000
Turkmenistan;133.46;2001
Turkmenistan;115.43;2002
Turkmenistan;107.02000000000002;2003
Turkmenistan;112.79999999999998;2004
Turkmenistan;134.19000000000003;2005
Turkmenistan;143.84;2006
Turkmenistan;96.69000000000001;2007
Turkmenistan;117.58000000000001;2008
Turkmenistan;42.54;2009
Turkmenistan;45.74999999999999;2010
Turkmenistan;31.630000000000006;2011
Turkmenistan;30.6;2012
Turkmenistan;23.289999999999996;2013
Turkmenistan;28.15;2014
Turkmenistan;28.480000000000008;2015
Ukraine;294.03999999999996;1987
Ukraine;286.72;1988
Ukraine;316.32;1989
Ukraine;296.70000000000005;1990
Ukraine;297.91;1991
Ukraine;322.49000000000007;1992
Ukraine;352.11;1993
Ukraine;384.29;1994
Ukraine;396.66999999999996;1995
Ukraine;403.41999999999996;1996
Ukraine;395.67;1997
Ukraine;390.15;1998
Ukraine;376.06;1999
Ukraine;377.19000000000005;2000
Ukraine;348.14;2001
Ukraine;344.04999999999995;2002
Ukraine;337.0700000000001;2003
Ukraine;307.05;2004
Ukraine;297.18;2005
Ukraine;282.78999999999996;2006
Ukraine;281.12;2007
Ukraine;274.5;2008
Ukraine;279.25999999999993;2009
Ukraine;263.07000000000005;2010
Ukraine;263.99999999999994;2011
Ukraine;268.4700000000001;2012
Ukraine;250.5;2014
Ukraine;244.72;2015
United Arab Emirates;16.05;2005
United Arab Emirates;16.55;2006
United Arab Emirates;15.99;2007
United Arab Emirates;11.86;2008
United Arab Emirates;11.730000000000002;2009
United Arab Emirates;22.71;2010
United Kingdom;116.45;1985
United Kingdom;112.01;1986
United Kingdom;103.81;1987
United Kingdom;114.55;1988
United Kingdom;99.19000000000001;1989
United Kingdom;103.34000000000002;1990
United Kingdom;98.80000000000001;1991
United Kingdom;98.75;1992
United Kingdom;96.85;1993
United Kingdom;94.76000000000002;1994
United Kingdom;92.34;1995
United Kingdom;88.32000000000001;1996
United Kingdom;88.77999999999999;1997
United Kingdom;90.76;1998
United Kingdom;92.44000000000001;1999
United Kingdom;87.33;2000
United Kingdom;85.14;2001
United Kingdom;82.71;2002
United Kingdom;80.14999999999999;2003
United Kingdom;82.72;2004
United Kingdom;79.15999999999998;2005
United Kingdom;78.17;2006
United Kingdom;74.92;2007
United Kingdom;80.71000000000001;2008
United Kingdom;78.00000000000001;2009
United Kingdom;77.41000000000001;2010
United Kingdom;78.28999999999999;2011
United Kingdom;79.47;2012
United Kingdom;84.91999999999999;2013
United Kingdom;83.92999999999999;2014
United Kingdom;86.74;2015
United States;184.72000000000006;1985
United States;191.65000000000003;1986
United States;191.65999999999997;1987
United States;187.71000000000004;1988
United States;182.44;1989
United States;187.80000000000004;1990
United States;183.76999999999998;1991
United States;177.77;1992
United States;179.11999999999998;1993
United States;176.03000000000003;1994
United States;173.09000000000003;1995
United States;166.44999999999996;1996
United States;161.95999999999998;1997
United States;160.50999999999996;1998
United States;150.77000000000004;1999
United States;146.57999999999998;2000
United States;148.21999999999997;2001
United States;150.01999999999998;2002
United States;145.64;2003
United States;146.90000000000003;2004
United States;146.68;2005
United States;145.13000000000002;2006
United States;149.12;2007
United States;153.24;2008
United States;154.19;2009
United States;158.89000000000001;2010
United States;162.35999999999999;2011
United States;165.14;2012
United States;166.67;2013
United States;171.33000000000004;2014
United States;175.40999999999997;2015
Uruguay;178.61000000000004;1985
Uruguay;172.46999999999997;1986
Uruguay;164.43;1987
Uruguay;164.46;1988
Uruguay;196.45999999999998;1989
Uruguay;180.67;1990
Uruguay;223.02;1993
Uruguay;214.0;1994
Uruguay;237.94;1995
Uruguay;187.92999999999998;1996
Uruguay;233.91;1997
Uruguay;264.08;1998
Uruguay;243.62000000000003;1999
Uruguay;274.27000000000004;2000
Uruguay;236.12;2001
Uruguay;331.69;2002
Uruguay;259.25000000000006;2003
Uruguay;258.49;2004
Uruguay;241.31000000000003;2005
Uruguay;248.10999999999999;2006
Uruguay;266.31;2007
Uruguay;234.53;2008
Uruguay;237.75;2009
Uruguay;257.43;2010
Uruguay;264.34999999999997;2012
Uruguay;249.09;2013
Uruguay;248.63999999999993;2014
Uruguay;270.02000000000004;2015
Uzbekistan;129.35999999999999;1990
Uzbekistan;124.17999999999999;1991
Uzbekistan;111.28999999999999;1992
Uzbekistan;111.76;1993
Uzbekistan;110.85;1994
Uzbekistan;111.3;1995
Uzbekistan;125.05999999999999;1996
Uzbekistan;110.58;1997
Uzbekistan;108.3;1998
Uzbekistan;113.32999999999998;1999
Uzbekistan;120.31;2000
Uzbekistan;115.92;2001
Uzbekistan;95.28;2002
Uzbekistan;82.05999999999999;2003
Uzbekistan;68.03999999999999;2004
Uzbekistan;67.80999999999999;2005
Uzbekistan;60.86;2009
Uzbekistan;63.23000000000001;2010
Uzbekistan;67.14;2011
Uzbekistan;77.53000000000003;2012
Uzbekistan;78.85999999999999;2013
Uzbekistan;85.11999999999999;2014