name,1985,1986,1987,1988,1989,1990,1991,1992,1993,1994,1995,1996,1997,1998,1999,2000,2001,2002,2003,2004,2005,2006,2007,2008,2009,2010,2011,2012,2013,2014,2015,2016
Albania,,,31.85,32.46,33.4,,,18.000000000000004,32.56,32.18000000000001,40.55,43.62,77.43,66.52,69.81,30.7,50.61999999999999,62.51000000000001,58.60000000000001,65.39,0.0,0.0,65.85,71.05000000000003,0.0,41.66,,,,,,
Antigua and Barbuda,0.0,0.0,0.0,0.0,0.0,17.24,0.0,0.0,15.0,0.0,0.0,,,0.0,0.0,39.97,19.45,0.0,27.82,36.06,0.0,0.0,7.98,0.0,0.0,,,0.0,0.0,0.0,15.62,
Argentina,134.47000000000003,152.90000000000003,144.98,146.24,138.93,134.89999999999998,119.23999999999998,126.86000000000004,134.77,122.05,119.97,118.03,111.39999999999998,116.92999999999998,117.19,131.39,143.55999999999997,139.42,146.29,131.05999999999997,128.18,128.21999999999997,118.35000000000004,118.11,107.32,111.24,105.86999999999998,119.81999999999998,103.42,111.35,112.13,
Armenia,,,,,,41.12,45.87000000000001,40.86000000000001,51.05,66.73,51.78999999999999,37.05,32.23,27.42,24.68,34.300000000000004,29.78,38.070000000000014,33.43000000000001,,,43.67,39.02,35.15,33.7,40.41000000000001,32.980000000000004,36.57000000000001,37.48,37.00999999999999,45.28,40.56000000000001
Aruba,,,,,,,,,,,308.51,,,,115.47,305.33,27.28,126.46000000000002,12.93,176.71999999999997,99.57999999999998,96.31,92.19,41.44000000000001,42.23,58.65,93.42,,,,,
Australia,163.41,175.79000000000005,188.82000000000005,179.32,168.11,172.34999999999997,180.15000000000003,170.64000000000004,154.94999999999996,167.75,155.19,175.33999999999997,186.93000000000006,176.41000000000003,167.14999999999995,157.82000000000005,158.79000000000005,144.68,133.84,133.76000000000002,,127.89,130.25,130.48999999999998,130.12,132.64,133.21999999999997,139.57,138.78,149.07,154.18000000000004,
Austria,384.81,401.8,405.88,357.64,359.32,353.78,355.47000000000014,341.74000000000007,347.95999999999987,343.61999999999995,348.08999999999986,342.65,297.5000000000001,289.38,280.3,289.77,261.91,276.92,257.06,254.04,235.25,218.89999999999995,217.31,216.45,213.22,207.55000000000004,211.49,206.63,212.12,209.82,194.62,183.23
Azerbaijan,,,,,,24.61,32.230000000000004,34.78000000000001,31.52,12.04,14.28,17.830000000000005,18.59,10.669999999999998,8.58,14.410000000000002,60.05,19.42,27.07,18.33,,,11.830000000000002,,,,,,,,,
Bahamas,4.76,,13.59,,,,,,37.51,10.6,7.16,9.82,7.15,11.09,22.96,40.66,2.68,9.97,2.49,5.93,13.32,5.6400000000000015,13.420000000000002,12.490000000000002,15.98,58.32,12.989999999999998,11.84,13.91,,,
Bahrain,20.12,,25.680000000000003,24.8,,,,,,,,,0.0,0.0,22.46,32.73,30.659999999999997,27.68,32.39,54.21000000000001,40.22,27.18,32.09,27.89,24.59,11.89,14.96,8.68,2.49,6.5200000000000005,,
Barbados,61.72,36.73,29.46,57.39,73.58,121.23,76.92999999999998,63.53000000000001,90.93,67.08,72.28999999999998,,,,,37.13,8.65,0.0,0.0,7.79,2.58,45.38,0.0,2.31,28.8,7.62,0.0,0.0,0.0,,,
Belarus,,,,,,274.37,297.6400000000001,314.24000000000007,365.11,403.58,404.00999999999993,455.70999999999987,446.5,455.64,450.36,447.3,419.65000000000015,411.0,444.86,,,,355.8900000000001,352.16,375.54,331.98,299.36,,273.32,252.91,,
Belgium,332.04,314.69,327.76,283.7999999999999,284.8499999999999,277.11,264.02,265.88,300.47,300.4000000000001,285.9000000000001,267.54,284.7399999999999,264.73999999999995,230.7,267.8,261.22,247.86,248.73,231.06000000000003,231.75000000000003,214.9,208.57,221.54,218.35,220.18,226.71,217.13,201.55000000000004,201.85,196.66,
Belize,,19.37,31.41,,5.16,29.7,23.93,,6.49,164.73000000000005,143.96999999999997,61.290000000000006,5.77,81.77999999999999,83.71999999999998,160.80000000000004,151.7,69.62,59.00000000000001,117.38,46.1,37.92000000000001,78.49,86.36000000000001,57.76,61.47999999999999,153.3,73.44999999999997,56.40000000000001,90.95,135.46,
Bosnia and Herzegovina,,,,,,,,,,,,,,,,,,,,,,,,,,,1.31,,,109.5,,
Brazil,59.18,57.16000000000001,70.11999999999999,65.36000000000001,64.02,67.05999999999999,68.34000000000002,64.92,67.86,71.51,75.23999999999998,73.33,76.80000000000003,75.05,67.64999999999999,68.22999999999999,73.49000000000002,69.77,68.07000000000001,70.22,73.60000000000002,69.89999999999999,71.67999999999998,72.21000000000002,70.37,72.73,72.41000000000003,74.45000000000002,73.41000000000003,73.13000000000002,77.45,
Bulgaria,303.11999999999995,275.48,308.39999999999986,292.49000000000007,292.19,256.43,268.94,310.5999999999999,278.36000000000007,288.39,277.85,296.2000000000001,276.36,304.61,250.71,259.22,244.62,247.35,207.65,184.12,178.06,186.53,173.77,170.34,154.42,158.25000000000006,133.51999999999998,164.17,134.16000000000003,139.77,,
Cabo Verde,,,,,,,,,,,,,,,,,,,,,,,,,,,133.84,,,,,
Canada,166.46,190.11,179.32999999999996,175.38,170.98,165.01999999999995,167.78000000000003,163.6,164.01999999999995,161.91000000000003,163.52,162.89,151.43000000000004,150.12,158.44000000000003,139.00000000000003,137.43,137.73000000000002,137.27,131.66,133.84,126.43,127.45,127.59,130.66999999999996,132.67000000000002,125.02,127.87999999999998,133.09,,,
Chile,108.91000000000004,90.94,89.42,94.9,100.44,91.86,98.83000000000004,78.88,103.18000000000002,95.34,108.91,95.71,100.13,109.77,111.86,149.18000000000004,147.58,149.28,153.54,155.69,147.43,155.06,150.92000000000004,167.88,174.3,162.87999999999997,160.83999999999997,148.41000000000003,134.52,137.36999999999998,147.68,
Colombia,62.56,50.11000000000001,45.17,50.64,41.69000000000001,43.42999999999999,43.57,49.48,49.23,55.95,49.64,53.17,52.76999999999999,81.67999999999998,84.10000000000002,89.77999999999999,88.26999999999998,81.38,79.85000000000002,84.25,74.84,78.41,74.25000000000003,74.22000000000001,73.83000000000001,67.24000000000001,62.88,66.45,63.53,66.62,70.39999999999998,
Costa Rica,69.46,89.84,85.56000000000002,88.98000000000002,84.76999999999998,93.27000000000002,61.72,72.54,98.83,80.78999999999998,79.17999999999998,94.86,80.63,92.09,85.06,88.28999999999998,76.03,95.62000000000002,115.88,100.72,78.73,100.83,75.35000000000002,72.26999999999998,77.37,84.35000000000002,89.83000000000001,80.75999999999998,89.25999999999998,70.85,,
Croatia,,,,,,,,,,,305.54,334.79,313.7,344.30000000000007,327.2800000000001,322.75,287.54,304.12,281.68999999999994,302.24,269.56999999999994,248.21999999999997,243.45,265.68999999999994,254.29,241.97,221.11,239.01,210.29999999999995,222.04,229.68,213.56
Cuba,,,,,,,,369.71,392.93,363.31,352.7600000000001,316.23000000000013,317.4,326.98,306.12000000000006,272.77000000000004,244.51,240.42000000000004,221.12,216.12,205.94,202.54999999999995,188.18000000000004,190.98999999999995,201.33,202.13,207.05,204.0,190.46,184.63,194.31,
Cyprus,,,,,,,,,,,,,,,1.57,8.36,,,,9.169999999999998,24.739999999999995,27.64,36.17,59.07000000000001,55.53,58.88,43.78,42.89999999999999,64.61000000000001,57.1,49.59,47.14999999999999
Czechia,,,,,,314.22,292.01,303.21,297.64,293.2800000000001,264.4,243.48,234.13,226.7,236.93,226.64,220.92,212.15,234.88000000000005,203.02,193.4,178.4,170.78,175.00999999999996,179.70999999999995,175.62,186.24,196.23,186.07,175.28999999999994,170.86999999999995,161.76
Denmark,,,,,,,,,,253.22000000000003,239.13000000000005,229.56,218.46,188.68,183.09000000000003,181.07,186.17,176.51000000000005,156.7,161.78,164.23,162.08,139.95999999999998,143.04999999999995,144.7,130.02,126.33,143.20999999999995,134.54999999999998,137.73,121.42,
Dominica,0.0,,,,,,,,,,,,,,,,,,,,,,,,,,,,,,,
Ecuador,82.51999999999998,76.54,62.53,75.28999999999998,70.38,60.48,66.96,75.80000000000003,70.91000000000003,67.67,68.22,76.34000000000002,67.02,62.07,71.92999999999998,57.17000000000001,67.24,61.42,70.56,84.38999999999999,96.73000000000002,93.07,95.97,95.29,94.25,81.48999999999998,81.8,84.87999999999998,62.88000000000001,66.02000000000001,97.39,
El Salvador,,,,,,184.46,171.29999999999995,120.62,123.69,,159.19000000000003,145.16000000000003,140.00000000000003,122.82999999999998,127.96,110.55,129.70999999999998,113.19,128.92,111.56,115.73000000000002,99.57,127.14000000000004,125.82,124.12,97.92,115.46,123.14,116.06,101.84,,
Estonia,,,,,,,,,,,543.1899999999998,528.72,502.06,427.51999999999987,486.47,364.64,371.68000000000006,358.2999999999999,338.24000000000007,299.45999999999987,256.43,242.63,265.05,244.57,248.67,229.07000000000005,229.26,241.61000000000004,231.92,258.91,205.38,
Fiji,,,,,,,,,,,,,,,,,54.95,110.54,16.12,90.49,52.83,30.77,20.46,47.48,51.67,,106.97,91.58,,,,
Finland,,,347.35,354.04,373.36000000000007,396.22,377.57999999999987,349.87,333.0,330.24,324.9600000000001,289.65,310.35,301.43,283.11,265.6499999999999,267.19000000000005,255.52000000000004,243.45,243.95,230.52,233.8,223.08000000000004,220.29,228.49,215.21,203.61,187.01,196.83,177.16000000000003,161.18999999999997,
France,348.9000000000001,351.7700000000001,331.0300000000001,312.72000000000014,312.5300000000001,302.73000000000013,298.1,301.47,312.69,299.94999999999993,292.61999999999995,271.22,266.33,253.65000000000003,245.83000000000004,257.23,239.94,238.64,241.31,232.51,232.09,220.63,213.69,216.21,216.24,211.17,211.18000000000004,198.98,192.33,179.56,,
Georgia,,,,,,64.42999999999999,53.05,60.47999999999999,,37.3,40.74,59.7,60.65000000000001,49.3,68.57999999999998,46.64000000000001,35.19,,,66.54,28.36,23.51,36.59000000000001,,65.05999999999999,34.33,36.31,34.88,55.57,74.48999999999998,84.68,
Germany,,,,,,259.45,258.11,250.04,235.50000000000003,230.79,233.58,216.42,210.96,200.51,189.24000000000004,185.55000000000004,185.78,183.96000000000004,181.24,172.23,161.48999999999995,152.52,146.52,145.52000000000004,145.52000000000004,152.17000000000004,152.82,148.30999999999997,153.08,153.03999999999996,150.34,
Greece,58.17,61.21,63.06,60.12,54.53,51.49,54.56999999999999,48.93000000000001,53.1,46.84,49.68,45.13000000000001,47.66,48.27,45.74,44.86,38.81000000000001,38.35,40.67,40.92,46.53,45.41,33.91,40.3,40.97000000000001,39.90000000000001,48.67999999999999,53.31999999999999,55.11,59.82000000000002,56.06,
Grenada,25.08,,,46.8,65.09,24.75,0.0,0.0,34.21,60.82,51.95,11.96,,,,,0.0,0.0,69.18,13.37,160.82000000000005,9.89,48.34,0.0,0.0,0.0,20.73,18.009999999999994,0.0,0.0,0.0,0.0
Guatemala,,42.83999999999999,57.92,47.24,35.23000000000001,34.07000000000001,33.52,38.25,31.17,25.9,34.13,30.05,26.51,37.06,36.5,27.419999999999995,30.590000000000003,40.53,37.34000000000001,29.93,32.61,41.95,40.27,54.76000000000001,57.57,35.43,34.69,41.8,40.69000000000001,45.88,44.85,
Guyana,,,,91.92000000000002,184.88,177.06000000000003,232.84,182.15,116.81,162.20000000000005,208.72000000000003,128.31,82.65000000000002,64.86,313.62,,380.76,311.93,382.54,400.0,333.9600000000001,394.60000000000014,373.75,353.61999999999995,301.7800000000001,403.07,349.52999999999986,367.98,356.38000000000005,,,
Hungary,,,,,,,575.0000000000001,570.26,539.2799999999999,535.81,493.42000000000013,482.74,470.44000000000005,436.78,483.88,464.56,408.98000000000013,382.75,372.03999999999985,369.47,352.00999999999993,312.66,327.32000000000005,331.67999999999995,310.72,321.30999999999995,299.85,305.96,266.23,244.31,257.2699999999999,241.34
Iceland,171.04999999999995,215.1,209.94,167.98000000000005,110.12,180.31000000000003,199.73,122.89,109.02,125.43999999999998,129.66,177.35000000000005,164.02000000000004,141.08999999999997,128.92,207.99,163.06,131.24,100.97,168.81000000000003,115.0,106.39,163.29000000000005,136.09,123.73000000000002,184.27,92.95,145.41000000000003,221.24,197.96,140.65,138.07
Ireland,102.15999999999998,104.88000000000002,95.42000000000002,113.24,110.56,125.68000000000002,126.53,137.87,117.15,142.82,143.84,145.54,156.15,162.17000000000004,141.22000000000003,142.36,148.97,135.82,134.76999999999998,129.42,121.11,126.46,121.77,129.55999999999997,132.63000000000002,120.3,138.57999999999998,137.66,117.40999999999998,119.68,,
Israel,112.03,130.28000000000003,133.61,124.16,170.31999999999996,122.26,139.34000000000003,130.95,137.23,149.89,127.42999999999998,110.51,126.57999999999998,100.11,102.58,108.56000000000002,108.23000000000002,93.49,97.17,98.43999999999998,102.91,80.52,73.66999999999999,87.33000000000004,80.32,99.47,87.41000000000003,83.78999999999998,74.21000000000002,71.26000000000002,65.91,
Italy,133.4,131.05,125.54,121.81,116.63999999999996,121.98,115.86999999999998,115.48,121.14,118.93,118.01000000000002,115.45000000000002,117.04000000000002,113.84000000000002,99.72,99.22,95.87,94.61,94.41999999999996,91.33,82.58999999999997,81.61000000000001,81.96000000000005,81.68999999999998,81.92999999999998,80.77000000000002,86.08,85.45,84.86,82.13000000000002,78.45,
Jamaica,9.04,0.57,7.780000000000001,4.2,0.0,1.32,0.9,,,,,,,,,1.16,2.8000000000000003,0.7,0.91,0.74,26.169999999999995,0.0,,,21.129999999999995,1.16,27.860000000000007,,,,,
Japan,300.47,323.55,295.29,284.72,263.42,246.37,234.51,240.28000000000003,224.1,228.95,228.13,228.48,237.38,306.6,298.9000000000001,278.52000000000004,267.16,265.84,279.4099999999999,266.24999999999994,266.89,262.24,268.75999999999993,265.32,266.69,255.48,252.41000000000003,233.7,231.16000000000003,218.21,206.04,
Kazakhstan,,,,,,334.11999999999995,318.66,323.53,376.49000000000007,414.68000000000006,454.67,452.84,433.7400000000002,440.52,407.73,426.05,422.49,405.89,411.70999999999987,413.86,357.80000000000007,374.73,375.63000000000017,366.94,330.07000000000005,320.81000000000006,293.76,271.02,296.67,257.09,238.02,
Kiribati,,,,,,,181.54,81.78,204.22,150.4,56.71,77.35000000000002,76.06,50.45,0.0,0.0,0.0,,,,,,,,,,,,,,,
Kuwait,11.2,8.74,11.47,,,,,,13.009999999999998,18.47,12.74,18.33,19.94,16.209999999999994,16.82,15.23,9.13,14.56,16.44,17.26,18.18,15.83,13.02,11.76,14.810000000000002,10.04,11.409999999999998,15.59,9.88,15.86,,
Kyrgyzstan,,,,,,247.07,246.59,221.42,258.79,254.31,239.77,206.53999999999996,190.85,184.94000000000003,191.44,182.63,193.3,173.11,137.86,141.32999999999996,135.48000000000002,145.99,125.89,135.96,113.28,143.2,126.89,140.66000000000003,109.84,111.79000000000002,98.37,
Latvia,,,,,,,,,,,545.6199999999999,492.0100000000001,492.57,441.84000000000015,420.41,453.2,383.49000000000007,367.76,361.63000000000005,328.38,312.06,288.9,295.75000000000006,323.68999999999994,307.7999999999999,259.34000000000003,288.75,267.67999999999995,242.19000000000003,248.81000000000003,251.47000000000008,
Lithuania,,,,,,,,,,,639.3,595.61,565.4400000000003,566.36,561.5300000000002,571.8,568.9799999999998,555.6199999999999,530.5200000000002,503.37,485.79,400.57,406.79,430.05,437.07000000000005,395.24,407.69,374.12,444.56000000000006,401.27000000000015,385.48,361.72
Luxembourg,247.39,183.05,243.24,211.50000000000003,261.32000000000005,233.34,280.83000000000004,228.37000000000003,207.96,277.24000000000007,210.08,229.25000000000009,307.6,201.25000000000003,211.99000000000004,222.64,239.82,264.14,164.36999999999995,189.54,159.07000000000005,183.79000000000005,183.89,112.31,110.95,141.16,136.52999999999997,140.18,91.48,147.88,134.39999999999998,
Macao,,,,,,,,,,171.74000000000004,,,,,,,,,,,,,,,,,,,,,,
Maldives,,,,,,,,,,,,,,,,0.0,110.49,9.84,15.52,3.74,2.75,,14.36,0.0,,1.99,5.39,,,,,
Malta,8.76,3.61,18.87,28.61,89.96000000000002,23.75,30.340000000000003,87.13999999999999,47.540000000000006,64.69,47.02,47.43000000000001,70.67999999999998,30.63,91.76,78.05,85.29,55.28,74.94,85.82,67.94,87.21000000000002,73.84,38.67999999999999,107.12,82.10999999999999,47.49999999999999,59.87,57.22,102.07999999999996,78.26999999999998,
Mauritius,143.13,30.070000000000004,171.93999999999997,246.11,211.64000000000007,163.17999999999995,196.79,198.99,174.99000000000004,154.65,182.65,166.14,143.57,154.76999999999995,186.04,140.82000000000005,121.84,131.89999999999998,94.02,100.99,102.51,163.68,141.45,78.13,106.07,111.83,120.03999999999996,114.25,97.67,115.45,99.96999999999996,99.3
Mexico,38.17,45.74,41.42999999999999,42.22,48.25999999999999,48.85,47.69,52.07000000000001,52.0,55.92,59.09,56.33,57.07000000000002,56.84,54.88999999999999,54.89,63.3,58.36000000000001,63.0,60.75,62.22000000000001,59.22000000000001,58.01000000000001,60.83,64.14,61.00999999999999,65.52,63.43,64.99000000000001,68.37999999999998,66.57,
Mongolia,,,,,,,,,,,,,,,,,,,,,,,,,,,,,,,,184.39
Montenegro,,,,,,,,,,,,,,,,0.0,0.0,0.0,0.0,0.0,274.4799999999999,0.0,335.53,308.0900000000001,275.93,,,,,,,
Netherlands,159.89,158.28000000000003,157.17000000000004,147.59999999999997,136.01000000000002,136.17000000000002,150.49,143.49,135.98,136.96,125.02000000000002,135.07,136.57,128.5,123.16,118.99,116.3,119.73,113.33,111.16,113.28,113.18999999999998,97.43999999999996,102.09,108.3,109.48999999999997,113.07999999999998,118.51,125.53000000000002,121.42,126.93,127.39
New Zealand,153.64,178.67,210.52,205.03,190.62,186.57,175.48,183.59,163.98000000000005,198.63,199.42000000000004,195.13,198.28000000000003,201.07,176.80000000000004,157.54,179.9,152.03000000000003,172.35,163.41000000000003,157.93000000000004,156.74,148.19,151.77999999999994,153.00000000000003,152.62,142.82000000000005,158.03000000000003,144.55,,,
Nicaragua,,,,,,,,,,,,,,,,,,,,,,,,,,88.74000000000002,89.54999999999998,72.28999999999998,80.97000000000001,71.39999999999998,69.86999999999999,
Norway,,163.62,191.56,208.5,197.89000000000004,191.31000000000003,194.82,181.64,178.05,150.53,156.35,153.93,158.61,153.66,163.32999999999996,150.33,154.29000000000005,141.0,138.07999999999996,141.37,142.09,142.67000000000004,127.77,132.03,145.73999999999995,136.42999999999998,146.49,126.0,127.01,127.23,136.43,
Oman,,,,,,,,,,,,,,,,,,,,,,,,,21.19,3.8,,,,1.51,,
Panama,51.06,60.91,67.06,60.19,55.290000000000006,,,,,,,66.38000000000001,83.19,76.68999999999998,77.62999999999998,85.58000000000001,86.77000000000002,78.94,97.24,81.76,77.80999999999997,91.63,71.89999999999998,73.3,68.29,64.0,62.73,55.52,49.31,55.98,44.89999999999999,
Paraguay,39.42,26.76,36.6,,35.33,45.01,27.140000000000004,,,44.46,40.33000000000001,33.46,35.58000000000001,48.55,44.42,42.78,56.52,43.45000000000001,51.35000000000001,65.44000000000001,62.81,65.57,62.51000000000001,58.32,67.32999999999998,54.56000000000001,67.83,63.3,75.39000000000001,72.15,,
Philippines,,,,,,,,9.81,21.97,,,,20.24,22.05,24.88,32.21,27.079999999999995,28.540000000000006,33.41,,,36.66,29.17,33.05,34.89,36.96000000000001,44.90999999999999,,,,,
Poland,,,,,,172.64,180.27000000000004,194.43000000000004,187.85,185.96,181.7,178.20999999999995,,,184.15,191.01,180.65,183.26999999999995,180.14999999999995,187.73999999999995,186.04,182.85,166.46999999999994,177.37999999999997,197.1,190.64,183.86,192.37000000000003,187.59,178.3,166.99,
Portugal,164.82000000000005,165.52999999999997,171.32999999999996,137.74999999999997,130.32,150.21,165.15999999999997,148.3,125.83,123.82,128.93,115.77,102.18,87.05999999999997,89.46,85.88000000000002,115.73000000000003,171.82999999999996,166.45999999999995,,,,143.54999999999995,141.01999999999995,139.7,148.84,127.86,139.4,132.73,153.88999999999996,,
Puerto Rico,154.61,178.23000000000005,143.76,161.68999999999997,169.53999999999996,181.58,184.81,135.30999999999997,151.25,147.27999999999994,120.87,139.81000000000003,99.25999999999998,131.07,117.31,108.26,106.89,91.59000000000002,96.99,108.95,105.11,95.3,93.08,107.08,124.9,103.84000000000002,90.55,87.1,90.59000000000002,77.09,85.58000000000001,
Qatar,,,,,,,,,,,0.0,,,,,,27.300000000000004,,,15.25,18.8,87.30000000000003,28.61,13.55,19.9,12.83,18.85,13.27,8.23,18.989999999999995,18.84,16.43
Korea,146.64999999999995,143.31,128.23999999999998,114.58,121.4,120.53,116.18000000000002,127.39,159.48000000000005,165.4,179.28000000000003,216.99,226.8,302.32,257.52000000000004,248.59,273.54,361.04,454.12,469.69999999999993,479.04,420.46,466.54000000000013,452.28000000000014,519.5200000000002,518.2,515.05,443.25999999999993,428.57,385.32999999999987,389.14,
Romania,,,,,157.77000000000004,125.92,133.38,164.18,162.07,172.78000000000003,156.18,159.98000000000005,161.6,161.28999999999996,158.27,159.19000000000003,149.11,173.6,159.70999999999995,151.19,146.01,149.09,136.05999999999997,140.4,144.01999999999995,150.04000000000005,138.78,142.03,137.99,131.02999999999997,133.54999999999998,116.33
Russian Federation,,,,,398.82,399.17,396.39999999999986,437.48,522.0600000000002,567.64,547.38,526.2800000000002,508.09,474.74,510.13,504.47,504.65,488.55,468.91000000000014,447.61,420.33999999999986,401.31,386.99000000000007,366.8,352.8,319.21,299.68,285.5100000000001,273.97,259.22,236.92,
Saint Kitts and Nevis,,,,,,0.0,0.0,0.0,,,,,,,,,,,,,,,,,,,,,,,,
Saint Lucia,,59.95,141.42000000000004,182.20999999999995,88.91000000000003,26.92,104.09,98.11,75.28,45.8,81.71000000000002,61.03000000000001,117.54,119.03,74.94,197.86,59.08,187.52000000000004,133.26000000000002,66.17,24.82,17.83,,0.0,82.32,30.31,53.32,85.03,114.10000000000002,91.56,,
Saint Vincent and Grenadines,32.79,0.0,0.0,,,72.06,,,,,85.41,85.06,30.02,194.42,65.80000000000001,44.11,160.66000000000003,202.93,50.91,46.46,72.11,122.06999999999998,102.39,40.28999999999999,11.18,54.83,46.98,97.29,0.0,80.78,28.08,
San Marino,,,,,,,,,,,,,,,64.35000000000001,47.26,,,,,34.01,,,,,,,,,,,
Serbia,,,,,,,,,,,,,,307.05,344.73,324.16,297.0,295.91,271.27,262.50999999999993,286.31999999999994,286.06999999999994,258.45,242.61,258.43000000000006,234.48,243.45,234.53,217.73,216.78,205.97,
Seychelles,156.18000000000004,23.26,60.72,,,,,,,,,,,,,,87.57000000000002,154.12,100.0,63.27000000000001,71.5,275.75,147.64,39.07,43.81,51.99,51.34,33.5,131.4,43.33,81.25,
Singapore,353.36000000000007,324.61,273.56,360.19,354.11,272.03,229.38,205.42,235.14000000000004,246.85000000000005,282.76,208.94,206.65,215.36,166.45000000000005,164.33999999999997,167.80000000000004,172.39,172.73999999999995,167.47999999999996,180.33,148.74999999999997,165.76000000000005,150.25,149.58,129.23000000000002,116.96,141.61999999999995,137.87,131.78,109.28999999999998,
Slovakia,,,,,,,,214.23,195.34,185.04000000000005,198.69999999999996,174.50000000000009,164.10000000000005,161.84,172.08,180.08,171.88,191.77,169.16000000000003,150.89999999999995,165.37,0.0,0.0,134.20000000000002,139.08,143.68,,129.48000000000002,143.90999999999997,132.82000000000002,,
Slovenia,,,,,,,,,,,393.87000000000006,421.10999999999984,410.1,413.6,393.36,404.12000000000006,423.4,354.3,376.56000000000006,298.4799999999999,337.41,347.87,291.44999999999993,263.09,268.71000000000004,265.59,281.66,279.74,283.01999999999987,240.37,264.81,
South Africa,,,,,,,,,,,,8.03,4.95,7.699999999999998,10.87,9.54,12.43,6.98,9.240000000000002,12.63,15.29,17.919999999999995,12.12,14.14,10.71,13.09,9.31,13.56,14.9,15.079999999999998,13.000000000000002,
Spain,114.93,119.83,122.14,127.28,126.49,129.24,121.84000000000002,119.00999999999998,120.85,124.32,123.81,126.53,131.32,124.04,119.08,122.21000000000002,112.4,115.64,116.48999999999997,112.63,107.66,99.87,98.94999999999996,98.51999999999998,98.01999999999998,87.44,88.58999999999997,96.88,101.31999999999998,104.35000000000002,97.38000000000002,
Sri Lanka,558.7200000000001,529.8000000000002,,,,,,,,,,395.71,472.1,451.15,445.24,427.29000000000013,358.06,339.41,352.75000000000006,,,328.73000000000013,,,,,,,,,,
Suriname,470.84,211.99,251.7,209.72000000000008,212.12,214.09,215.46,137.96,,,182.52,84.27000000000002,115.69,101.95,216.7,127.93,218.09,214.23,246.0,202.1,211.17,298.26,356.1400000000001,416.82,369.71,425.3,353.31000000000006,454.11,286.7999999999999,357.34,,
Sweden,,,230.91,231.67,238.33999999999997,222.05000000000004,217.54,200.78,200.97000000000003,195.69000000000003,191.72,178.24000000000004,167.19000000000003,175.8,172.64,162.50000000000003,167.49000000000004,162.71,153.41,157.41000000000003,164.61999999999995,160.76,147.38999999999996,155.68,160.4,146.54000000000005,141.77,148.11,158.20000000000005,149.04999999999995,149.29999999999995,138.84000000000003
Switzerland,,,,,,,,,,,283.07000000000005,279.89,266.77,273.42,251.98,266.2,261.69,273.70000000000005,242.66000000000003,242.27000000000004,246.19,241.63,255.81,237.51,180.12999999999997,160.52000000000004,168.21999999999997,165.38999999999996,170.26000000000005,162.10000000000005,164.66,
Thailand,82.54,71.91000000000003,81.82,,,95.92,86.46,83.1,,56.27000000000001,93.52,93.05,86.37,99.56,109.03,106.1,,103.12,91.16,86.06,77.99,69.04000000000002,79.14000000000001,78.17999999999998,78.56,80.49999999999999,77.59000000000002,80.68999999999997,79.56000000000002,76.96000000000002,81.15000000000002,77.32
Trinidad and Tobago,30.17,123.13,155.54000000000005,228.75,198.16,186.38000000000005,153.53999999999996,194.39,161.52999999999997,159.4,242.93,196.36,189.39,196.04,145.32,198.32,205.33,159.01,158.24999999999997,188.28000000000003,144.14,133.89,143.58,178.25,120.24,150.50000000000003,138.69000000000003,,,,,
Turkey,,,,,,,,,,,,,,,,,,,,,,,,,21.29,31.69,23.07,28.4,35.42,30.830000000000005,28.47,
Turkmenistan,,,173.61,162.45,135.33000000000004,172.01,126.94,111.85,115.43,116.92,90.44,103.64,100.97,136.50000000000003,145.06,112.13,133.46,115.43,107.02000000000002,112.79999999999998,134.19000000000003,143.84,96.69,117.58,42.54,45.74999999999999,31.63000000000001,30.6,23.29,28.15,28.48000000000001,
Ukraine,,,294.04,286.72,316.32,296.7000000000001,297.91,322.49000000000007,352.11,384.29,396.67,403.42,395.67,390.15,376.06,377.19000000000005,348.14,344.0499999999999,337.0700000000001,307.05,297.18,282.79,281.12,274.5,279.25999999999993,263.07000000000005,263.99999999999994,268.4700000000001,,250.5,244.72,
United Arab Emirates,,,,,,,,,,,,,,,,,,,,,16.05,16.55,15.99,11.86,11.730000000000002,22.71,,,,,,
United Kingdom,116.45,112.01,103.81,114.55,99.19,103.34000000000002,98.8,98.75,96.85,94.76000000000002,92.34,88.32000000000002,88.77999999999999,90.76,92.44,87.33,85.14,82.71,80.14999999999998,82.72,79.15999999999998,78.17,74.92,80.71000000000002,78.00000000000001,77.41000000000003,78.28999999999998,79.47,84.91999999999999,83.92999999999998,86.74,
United States of America,184.72000000000008,191.65000000000003,191.66,187.71000000000004,182.44,187.80000000000004,183.77,177.77,179.11999999999995,176.03000000000003,173.09000000000003,166.44999999999996,161.95999999999995,160.50999999999996,150.77000000000004,146.57999999999996,148.21999999999997,150.01999999999995,145.64,146.90000000000003,146.68,145.13000000000005,149.12,153.24,154.19,158.89,162.36,165.14,166.67,171.33000000000004,175.40999999999997,
Uruguay,178.61000000000004,172.46999999999997,164.43,164.46,196.46,180.67,,,223.02,214.0,237.94,187.93,233.91,264.08,243.62000000000003,274.27000000000004,236.12,331.69,259.25000000000006,258.49,241.31000000000003,248.11,266.31,234.53,237.75,257.43,,264.35,249.09,248.63999999999996,270.02000000000004,
Uzbekistan,,,,,,129.36,124.18,111.29,111.76,110.85,111.3,125.06,110.58,108.3,113.32999999999998,120.31,115.92,95.28,82.05999999999997,68.03999999999999,67.80999999999999,,,,60.86,63.23000000000001,67.14,77.53000000000003,78.85999999999999,85.11999999999998,,
